test_Adachi_00001.jpg,2 27 203 190 559
test_Adachi_00002.jpg,2 107 204 283 593
test_Adachi_00003.jpg,5 127 322 306 453
test_Adachi_00004.jpg,8 131 283 225 503 8 92 267 260 582
test_Adachi_00005.jpg,5 243 382 581 583 5 331 363 422 447
test_Adachi_00006.jpg,2 6 374 99 581 2 53 361 135 519 2 22 357 200 561
test_Adachi_00007.jpg,1 0 0 600 581 2 0 0 600 581 3 0 0 600 581 4 0 0 600 581 5 0 0 600 581
test_Adachi_00008.jpg,2 386 292 600 515
test_Adachi_00009.jpg,2 382 333 569 593 8 382 333 569 593
test_Adachi_00010.jpg,
test_Adachi_00011.jpg,2 259 313 511 592
test_Adachi_00012.jpg,2 391 346 580 583 8 308 328 452 404
test_Adachi_00013.jpg,2 391 333 557 590 8 372 354 459 438
test_Adachi_00014.jpg,2 216 364 330 584
test_Adachi_00015.jpg,1 136 164 313 388 1 285 123 447 341 1 22 165 217 554 1 434 129 600 345 8 434 129 600 345
test_Adachi_00016.jpg,
test_Adachi_00017.jpg,2 240 321 322 546
test_Adachi_00018.jpg,2 342 331 426 555
test_Adachi_00019.jpg,2 197 425 279 566 8 331 416 477 594
test_Adachi_00020.jpg,1 204 171 285 389 5 25 190 570 501
test_Adachi_00021.jpg,2 176 213 277 437 2 226 182 313 404
test_Adachi_00022.jpg,1 298 454 405 568 2 197 369 275 473
test_Adachi_00023.jpg,2 80 255 251 579 2 293 161 401 283 8 80 255 251 579
test_Adachi_00024.jpg,2 50 185 263 584
test_Adachi_00025.jpg,2 280 326 359 551
test_Adachi_00026.jpg,1 223 437 354 586
test_Adachi_00027.jpg,
test_Adachi_00028.jpg,2 311 168 536 585 2 316 165 400 385 8 311 168 536 585
test_Adachi_00029.jpg,2 292 317 368 542
test_Adachi_00030.jpg,7 19 94 579 399 7 84 211 534 362
test_Adachi_00031.jpg,2 276 409 408 569 2 10 307 144 441
test_Adachi_00032.jpg,7 84 358 534 517
test_Adachi_00033.jpg,2 212 147 306 363
test_Adachi_00034.jpg,7 50 355 479 568 8 19 295 105 474
test_Adachi_00035.jpg,5 41 385 485 585
test_Adachi_00036.jpg,2 434 206 600 430
test_Adachi_00037.jpg,
test_Adachi_00038.jpg,2 398 389 600 574
test_Adachi_00039.jpg,2 219 194 300 374 8 224 276 574 572
test_Adachi_00040.jpg,1 41 328 183 473
test_Adachi_00041.jpg,2 59 253 252 589 2 357 238 551 575
test_Adachi_00042.jpg,8 385 266 600 488
test_Adachi_00043.jpg,2 223 218 308 441 8 403 298 599 515
test_Adachi_00044.jpg,2 0 219 180 473
test_Adachi_00045.jpg,2 342 217 531 589 8 170 281 377 490
test_Adachi_00046.jpg,1 0 324 150 457 2 0 324 150 457 8 331 256 539 592 8 0 324 150 457 8 166 242 269 322
test_Adachi_00047.jpg,2 124 336 208 463
test_Adachi_00048.jpg,7 100 175 549 327
test_Adachi_00049.jpg,3 173 333 397 409 4 173 333 397 409
test_Adachi_00050.jpg,2 433 424 583 582
test_Adachi_00051.jpg,1 78 236 279 572 1 178 264 316 488
test_Adachi_00052.jpg,
test_Adachi_00053.jpg,2 97 329 270 599 8 396 309 578 589
test_Adachi_00054.jpg,2 81 335 248 576
test_Adachi_00055.jpg,5 8 206 556 512
test_Adachi_00056.jpg,2 379 261 558 578
test_Adachi_00057.jpg,1 211 445 288 552 1 40 462 150 562 1 202 404 278 481
test_Adachi_00058.jpg,
test_Adachi_00059.jpg,2 127 282 290 599
test_Adachi_00060.jpg,1 323 280 472 361
test_Adachi_00061.jpg,1 439 264 600 482 2 439 264 600 482
test_Adachi_00062.jpg,7 52 371 502 542
test_Adachi_00063.jpg,2 454 226 596 448
test_Adachi_00064.jpg,8 84 355 268 588
test_Adachi_00065.jpg,8 448 384 600 574
test_Adachi_00066.jpg,7 77 396 527 574
test_Adachi_00067.jpg,2 174 356 255 572 8 340 335 546 581 8 179 344 255 519
test_Adachi_00068.jpg,1 145 400 251 559
test_Adachi_00069.jpg,5 74 0 600 600
test_Adachi_00070.jpg,2 331 390 510 582
test_Adachi_00071.jpg,2 371 288 452 430 4 357 300 572 376
test_Adachi_00072.jpg,8 449 259 596 464
test_Adachi_00073.jpg,2 415 437 546 589 8 319 388 422 463
test_Adachi_00074.jpg,1 447 410 566 593 1 346 354 583 572
test_Adachi_00075.jpg,1 151 396 252 563 2 151 396 252 563
test_Adachi_00076.jpg,7 145 225 570 538 8 145 225 570 538
test_Adachi_00077.jpg,2 358 403 458 600 2 280 383 500 568
test_Adachi_00078.jpg,8 403 282 591 448
test_Adachi_00079.jpg,8 121 362 231 579
test_Adachi_00080.jpg,1 144 273 223 437 1 354 314 535 595 1 347 295 432 497
test_Adachi_00081.jpg,7 46 320 496 480
test_Adachi_00082.jpg,2 317 185 399 293 2 122 273 283 377 2 71 253 286 544
test_Adachi_00083.jpg,2 347 274 443 499 2 285 190 471 572 8 41 206 268 544
test_Adachi_00084.jpg,1 381 453 468 562 2 381 453 468 562 8 155 430 256 551
test_Adachi_00085.jpg,2 176 352 254 575 8 28 319 132 467
test_Adachi_00086.jpg,1 153 284 237 488 1 317 257 423 443 1 87 301 294 556
test_Adachi_00087.jpg,2 346 454 430 577
test_Adachi_00088.jpg,2 192 282 280 507 2 104 239 269 566
test_Adachi_00089.jpg,8 417 425 565 597
test_Adachi_00090.jpg,1 204 364 302 443 1 127 441 287 538 1 91 354 349 561
test_Adachi_00091.jpg,1 153 365 251 580
test_Adachi_00092.jpg,2 233 348 316 573
test_Adachi_00093.jpg,2 197 364 285 575 2 341 363 426 469 8 302 344 563 558
test_Adachi_00094.jpg,8 404 283 594 493
test_Adachi_00095.jpg,2 160 370 332 586
test_Adachi_00096.jpg,2 310 351 415 572 8 301 317 389 541 8 207 291 314 433
test_Adachi_00097.jpg,1 24 311 133 446
test_Adachi_00098.jpg,7 276 310 494 386 7 143 332 579 494
test_Adachi_00099.jpg,8 36 288 222 594
test_Adachi_00100.jpg,7 74 458 524 600
test_Adachi_00101.jpg,2 333 285 488 388 7 137 339 568 530
test_Adachi_00102.jpg,
test_Adachi_00103.jpg,1 274 377 440 462
test_Adachi_00104.jpg,7 6 232 600 533
test_Adachi_00105.jpg,1 71 204 266 567
test_Adachi_00106.jpg,2 402 289 570 592
test_Adachi_00107.jpg,2 373 218 584 556 8 3 220 226 568
test_Adachi_00108.jpg,2 16 142 155 341
test_Adachi_00109.jpg,2 174 322 280 427 2 462 426 582 586
test_Adachi_00110.jpg,
test_Adachi_00111.jpg,2 311 278 424 469 2 243 274 525 554 4 160 202 384 277
test_Adachi_00112.jpg,2 303 302 379 527
test_Adachi_00113.jpg,2 74 299 259 578 8 74 299 259 578 8 157 294 261 485 8 9 303 175 452
test_Adachi_00114.jpg,1 323 342 421 454 5 269 344 578 561
test_Adachi_00115.jpg,2 280 367 359 567 8 450 436 600 547
test_Adachi_00116.jpg,2 202 292 305 517
test_Adachi_00117.jpg,2 236 361 313 581 5 255 376 573 591
test_Adachi_00118.jpg,
test_Adachi_00119.jpg,7 114 346 562 531
test_Adachi_00120.jpg,2 323 248 580 556
test_Adachi_00121.jpg,3 175 485 400 560
test_Adachi_00122.jpg,1 175 296 285 520
test_Adachi_00123.jpg,2 305 324 381 549
test_Adachi_00124.jpg,2 335 297 529 590 2 307 311 393 534 8 307 311 393 534
test_Adachi_00125.jpg,7 134 326 577 494
test_Adachi_00126.jpg,1 402 279 600 556 5 402 279 600 556
test_Adachi_00127.jpg,3 179 489 404 564 3 55 392 503 547 4 179 489 404 564 4 176 367 401 442 4 55 392 503 547
test_Adachi_00128.jpg,1 13 307 213 557 5 15 298 191 505
test_Adachi_00129.jpg,2 435 229 568 445
test_Adachi_00130.jpg,2 81 288 283 600 8 364 277 572 562
test_Adachi_00131.jpg,5 228 352 579 573
test_Adachi_00132.jpg,2 295 330 373 548 2 48 323 227 560 8 178 319 318 418
test_Adachi_00133.jpg,2 321 298 410 523 2 356 237 534 563 2 433 285 594 504
test_Adachi_00134.jpg,2 14 331 143 502 8 324 333 600 569
test_Adachi_00135.jpg,1 389 355 581 577 1 28 406 158 578
test_Adachi_00136.jpg,7 81 238 531 554
test_Adachi_00137.jpg,1 426 283 581 427 2 426 283 581 427
test_Adachi_00138.jpg,2 398 260 596 562
test_Adachi_00139.jpg,1 461 419 570 591
test_Adachi_00140.jpg,8 427 393 600 594
test_Adachi_00141.jpg,2 271 321 412 546
test_Adachi_00142.jpg,2 294 333 388 499 2 356 333 555 568 8 423 427 597 577 8 356 333 555 568
test_Adachi_00143.jpg,1 349 391 468 582
test_Adachi_00144.jpg,7 123 313 558 504
test_Adachi_00145.jpg,
test_Adachi_00146.jpg,8 396 464 568 586
test_Adachi_00147.jpg,2 293 330 369 554
test_Adachi_00148.jpg,1 440 471 564 584 5 208 372 595 577 8 272 334 485 410
test_Adachi_00149.jpg,2 232 358 309 571
test_Adachi_00150.jpg,4 176 473 400 553
test_Adachi_00151.jpg,
test_Adachi_00152.jpg,2 192 405 283 578 4 251 471 465 554
test_Adachi_00153.jpg,1 270 407 367 564 8 284 347 571 564
test_Adachi_00154.jpg,1 321 414 449 577 2 321 414 449 577
test_Adachi_00155.jpg,2 451 352 591 495 2 376 329 600 545
test_Adachi_00156.jpg,7 5 229 594 530
test_Adachi_00157.jpg,2 378 358 466 579
test_Adachi_00158.jpg,5 133 363 580 593
test_Adachi_00159.jpg,2 199 322 281 546 8 203 351 287 574
test_Adachi_00160.jpg,2 294 362 407 575
test_Adachi_00161.jpg,8 304 414 511 543 8 299 347 471 474
test_Adachi_00162.jpg,2 412 251 578 468
test_Adachi_00163.jpg,2 392 325 571 567
test_Adachi_00164.jpg,5 18 312 325 585
test_Adachi_00165.jpg,7 9 140 579 443 7 81 210 531 360 7 2 277 451 489
test_Adachi_00166.jpg,2 125 215 291 582 2 111 308 219 533
test_Adachi_00167.jpg,2 379 329 465 520 2 300 273 482 575
test_Adachi_00168.jpg,1 361 452 447 563 2 361 452 447 563 8 8 305 223 450 8 11 348 410 524
test_Adachi_00169.jpg,1 228 326 308 548
test_Adachi_00170.jpg,5 306 368 563 576
test_Adachi_00171.jpg,8 382 330 591 582
test_Adachi_00172.jpg,1 146 220 277 444
test_Adachi_00173.jpg,2 381 346 562 596
test_Adachi_00174.jpg,8 53 305 459 573
test_Adachi_00175.jpg,1 411 419 556 584 1 356 313 532 583 2 367 311 446 499
test_Adachi_00176.jpg,2 366 260 550 566 2 381 254 478 455
test_Adachi_00177.jpg,2 398 235 575 571
test_Adachi_00178.jpg,2 59 297 261 596
test_Adachi_00179.jpg,5 106 320 554 592
test_Adachi_00180.jpg,2 321 239 400 464 8 398 246 599 400
test_Adachi_00181.jpg,2 343 208 422 331
test_Adachi_00182.jpg,2 345 176 550 577
test_Adachi_00183.jpg,2 439 290 586 492
test_Adachi_00184.jpg,1 168 222 288 437
test_Adachi_00185.jpg,1 275 371 375 578
test_Adachi_00186.jpg,2 138 256 254 460 2 196 191 284 399
test_Adachi_00187.jpg,1 136 341 250 467 1 89 312 268 563 1 324 238 402 320
test_Adachi_00188.jpg,2 312 320 389 544
test_Adachi_00189.jpg,2 96 212 260 578 2 491 400 596 556
test_Adachi_00190.jpg,8 261 401 356 588
test_Adachi_00191.jpg,1 474 268 589 465
test_Adachi_00192.jpg,2 242 171 323 396
test_Adachi_00193.jpg,2 381 331 561 596
test_Adachi_00194.jpg,2 430 379 600 587
test_Adachi_00195.jpg,1 35 341 229 577 8 41 335 142 515
test_Adachi_00196.jpg,2 348 266 543 593
test_Adachi_00197.jpg,2 325 182 417 317 8 75 285 270 577 8 371 376 486 583 8 417 423 542 587
test_Adachi_00198.jpg,2 400 332 588 558 2 366 322 462 407
test_Adachi_00199.jpg,1 144 221 263 444 1 350 239 550 556 1 330 184 413 346
test_Adachi_00200.jpg,8 420 322 600 521
test_Adachi_00201.jpg,1 311 459 388 552 2 311 459 388 552
test_Adachi_00202.jpg,2 185 348 319 432 2 69 368 290 567
test_Adachi_00203.jpg,2 285 380 376 485 2 260 402 444 546
test_Adachi_00204.jpg,8 281 360 372 578
test_Adachi_00205.jpg,2 230 287 315 512
test_Adachi_00206.jpg,8 428 309 600 495
test_Adachi_00207.jpg,
test_Adachi_00208.jpg,5 273 383 571 582
test_Adachi_00209.jpg,1 250 259 527 508
test_Adachi_00210.jpg,
test_Adachi_00211.jpg,1 63 235 248 550
test_Adachi_00212.jpg,1 41 332 234 572
test_Adachi_00213.jpg,2 235 354 311 559
test_Adachi_00214.jpg,1 3 399 160 585 8 361 308 583 592
test_Adachi_00215.jpg,2 338 156 524 576
test_Adachi_00216.jpg,1 156 381 240 466 2 156 381 240 466
test_Adachi_00217.jpg,7 78 290 528 497
test_Adachi_00218.jpg,2 356 215 538 566 2 455 268 565 493
test_Adachi_00219.jpg,5 317 382 486 458 5 154 392 583 572
test_Adachi_00220.jpg,3 176 475 401 551 4 176 475 401 551 5 220 385 578 579
test_Adachi_00221.jpg,1 351 428 471 530 7 319 373 437 449 8 371 376 582 571
test_Adachi_00222.jpg,
test_Adachi_00223.jpg,4 294 363 513 439 5 294 363 513 439
test_Adachi_00224.jpg,2 193 302 286 511
test_Adachi_00225.jpg,1 0 0 600 600 2 0 0 600 600 3 0 0 600 600 4 0 0 600 600 5 0 0 600 600
test_Adachi_00226.jpg,2 322 314 599 559
test_Adachi_00227.jpg,
test_Adachi_00228.jpg,1 255 398 402 581 7 97 325 545 510
test_Adachi_00229.jpg,1 444 439 555 572 2 444 439 555 572 4 163 342 380 417
test_Adachi_00230.jpg,7 72 302 522 575
test_Adachi_00231.jpg,1 170 170 314 394 1 93 157 280 554 1 429 246 600 459 1 326 140 461 352 5 86 123 545 506
test_Adachi_00232.jpg,8 337 415 520 588
test_Adachi_00233.jpg,1 308 182 406 383 1 104 206 305 530
test_Adachi_00234.jpg,1 158 391 264 559
test_Adachi_00235.jpg,7 98 182 548 333 7 12 185 571 487
test_Adachi_00236.jpg,8 432 310 600 517
test_Adachi_00237.jpg,3 28 382 467 547 8 256 354 600 545
test_Adachi_00238.jpg,2 215 214 298 439 2 76 350 167 571
test_Adachi_00239.jpg,1 472 386 594 578 1 454 347 571 500 5 379 333 598 567 8 322 306 483 389
test_Adachi_00240.jpg,2 153 318 231 531
test_Adachi_00241.jpg,2 134 400 234 595 2 321 391 422 469
test_Adachi_00242.jpg,2 27 294 227 557
test_Adachi_00243.jpg,8 150 394 295 595 8 147 359 566 580
test_Adachi_00244.jpg,1 129 441 228 569 8 353 456 456 584
test_Adachi_00245.jpg,1 447 341 562 529
test_Adachi_00246.jpg,7 0 114 560 417
test_Adachi_00247.jpg,2 445 399 596 568 7 274 345 496 420
test_Adachi_00248.jpg,5 197 302 596 572 8 424 281 600 420
test_Adachi_00249.jpg,8 60 329 335 594 8 195 342 537 590
test_Adachi_00250.jpg,2 310 328 396 553
test_Adachi_00251.jpg,1 339 397 461 562
test_Adachi_00252.jpg,1 281 358 391 485 1 308 394 415 545 8 388 294 600 453 8 342 313 565 553
test_Adachi_00253.jpg,1 55 242 253 549 1 259 320 390 418
test_Adachi_00254.jpg,2 331 243 424 463
test_Adachi_00255.jpg,2 355 353 434 574
test_Adachi_00256.jpg,1 191 455 332 547 8 432 373 586 468
test_Adachi_00257.jpg,7 0 143 574 444 7 84 167 534 317
test_Adachi_00258.jpg,2 393 355 575 590
test_Adachi_00259.jpg,5 20 249 597 557
test_Adachi_00260.jpg,2 445 354 556 478 2 287 411 375 555 4 169 382 393 458
test_Adachi_00261.jpg,
test_Adachi_00262.jpg,1 196 510 306 598 1 260 502 415 584 7 62 383 511 540
test_Adachi_00263.jpg,1 405 329 578 594 2 405 329 578 594
test_Adachi_00264.jpg,1 291 308 518 583
test_Adachi_00265.jpg,1 285 348 371 458
test_Adachi_00266.jpg,1 39 244 225 541
test_Adachi_00267.jpg,2 394 311 482 529 2 342 291 511 581
test_Adachi_00268.jpg,1 251 338 385 462 1 220 321 330 409
test_Adachi_00269.jpg,7 78 389 528 564
test_Adachi_00270.jpg,2 179 348 257 572
test_Adachi_00271.jpg,7 80 355 530 544
test_Adachi_00272.jpg,2 381 223 564 563 8 0 219 234 556
test_Adachi_00273.jpg,2 158 262 254 461
test_Adachi_00274.jpg,1 287 360 426 582 1 200 306 304 503
test_Adachi_00275.jpg,2 381 252 591 560
test_Adachi_00276.jpg,2 427 308 600 533
test_Adachi_00277.jpg,2 51 365 130 489
test_Adachi_00278.jpg,1 448 377 588 581 8 403 349 577 501
test_Adachi_00279.jpg,2 343 296 521 588 2 7 363 152 495
test_Adachi_00280.jpg,3 174 483 399 560 4 174 483 399 560
test_Adachi_00281.jpg,2 34 292 219 574
test_Adachi_00282.jpg,1 69 232 254 548 1 334 212 481 433
test_Adachi_00283.jpg,1 361 250 560 541 1 333 263 517 414
test_Adachi_00284.jpg,2 266 369 348 585
test_Adachi_00285.jpg,2 353 158 436 311 8 451 295 580 469 8 288 410 417 535
test_Adachi_00286.jpg,5 185 352 357 430
test_Adachi_00287.jpg,2 345 230 570 546 2 446 317 560 503
test_Adachi_00288.jpg,2 369 223 558 586
test_Adachi_00289.jpg,2 291 329 371 554 8 11 295 310 574
test_Adachi_00290.jpg,2 325 312 501 593 2 348 344 444 517 8 348 344 444 517
test_Adachi_00291.jpg,2 270 322 360 532 8 328 321 548 572
test_Adachi_00292.jpg,2 274 295 354 520
test_Adachi_00293.jpg,2 281 281 363 384
test_Adachi_00294.jpg,2 376 252 550 581 8 330 234 417 315
test_Adachi_00295.jpg,2 377 298 564 588 2 328 298 511 470
test_Adachi_00296.jpg,2 398 311 587 571
test_Adachi_00297.jpg,1 150 150 600 600 1 365 399 461 558 2 150 150 600 600 2 518 53 600 496 2 208 94 411 540
test_Adachi_00298.jpg,2 369 367 459 577 2 287 251 493 576
test_Adachi_00299.jpg,2 304 318 439 396 2 162 333 324 410 2 50 347 250 543
test_Adachi_00300.jpg,1 278 433 380 579 1 224 444 333 581
test_Adachi_00301.jpg,2 377 230 563 574 2 467 389 566 583 2 339 173 423 346
test_Adachi_00302.jpg,2 297 333 373 557
test_Adachi_00303.jpg,2 45 336 401 584 5 45 336 401 584
test_Adachi_00304.jpg,2 390 345 590 579
test_Adachi_00305.jpg,
test_Adachi_00306.jpg,2 268 254 468 597
test_Adachi_00307.jpg,5 350 363 572 594 5 48 376 345 583
test_Adachi_00308.jpg,2 460 421 560 584
test_Adachi_00309.jpg,3 154 222 344 302 4 89 321 529 489 4 163 324 387 400
test_Adachi_00310.jpg,2 353 171 432 395 2 290 147 463 572
test_Adachi_00311.jpg,2 394 331 477 535
test_Adachi_00312.jpg,
test_Adachi_00313.jpg,2 281 352 358 569
test_Adachi_00314.jpg,2 347 341 561 585
test_Adachi_00315.jpg,7 107 175 557 325 7 0 313 442 514 7 170 280 395 355 7 263 152 485 227 8 0 313 442 514
test_Adachi_00316.jpg,2 144 429 224 595
test_Adachi_00317.jpg,2 12 362 160 484 8 439 337 591 495 8 474 391 587 545
test_Adachi_00318.jpg,7 103 165 552 316 7 0 305 359 567 8 0 305 359 567
test_Adachi_00319.jpg,2 424 263 582 471
test_Adachi_00320.jpg,1 337 155 416 372 2 337 155 416 372
test_Adachi_00321.jpg,2 311 344 497 597 8 28 362 177 456 8 5 424 155 544
test_Adachi_00322.jpg,2 360 309 585 539 4 174 327 397 402
test_Adachi_00323.jpg,
test_Adachi_00324.jpg,2 391 347 590 582 2 142 384 318 591
test_Adachi_00325.jpg,2 13 291 157 443
test_Adachi_00326.jpg,1 430 223 597 447 2 430 223 597 447
test_Adachi_00327.jpg,8 17 384 327 559 8 480 424 596 562
test_Adachi_00328.jpg,2 383 218 568 569
test_Adachi_00329.jpg,2 392 345 582 584
test_Adachi_00330.jpg,
test_Chiba_00001.jpg,7 284 478 505 554 7 183 501 406 578 7 431 480 573 560
test_Chiba_00002.jpg,7 68 470 518 600
test_Chiba_00003.jpg,2 431 468 556 573 8 186 463 339 584
test_Chiba_00004.jpg,7 84 462 534 600
test_Chiba_00005.jpg,1 314 475 391 556 8 425 474 592 575 8 230 474 322 567
test_Chiba_00006.jpg,1 174 488 288 577 1 338 493 436 572 8 431 475 573 583 8 174 488 288 577
test_Chiba_00007.jpg,1 164 452 283 552 8 347 432 496 568
test_Chiba_00008.jpg,2 451 461 555 572
test_Chiba_00009.jpg,2 30 442 126 567 8 30 442 126 567
test_Chiba_00010.jpg,1 179 475 264 561 8 288 431 496 588
test_Chiba_00011.jpg,2 433 463 557 593
test_Chiba_00012.jpg,1 130 523 244 600 2 59 507 182 594
test_Chiba_00013.jpg,1 390 499 470 580 2 390 499 470 580
test_Chiba_00014.jpg,8 419 493 576 590 8 17 503 226 598
test_Chiba_00015.jpg,1 0 0 451 450 2 0 0 451 450 3 0 0 451 450 4 0 0 451 450 5 0 0 451 450
test_Chiba_00016.jpg,1 341 503 421 582
test_Chiba_00017.jpg,2 298 479 378 572
test_Chiba_00018.jpg,2 217 489 307 597
test_Chiba_00019.jpg,7 72 466 522 600
test_Chiba_00020.jpg,7 300 500 524 576 7 185 525 410 600 7 405 494 576 572 7 35 520 260 596
test_Chiba_00021.jpg,5 267 495 452 581 8 188 493 364 591
test_Chiba_00022.jpg,1 471 474 567 570 2 471 474 567 570
test_Chiba_00023.jpg,1 217 540 295 600
test_Chiba_00024.jpg,7 182 468 407 544 7 95 442 545 594
test_Chiba_00025.jpg,2 276 454 383 551
test_Chiba_00026.jpg,1 445 489 574 574 2 229 498 311 592 8 229 498 311 592 8 445 489 574 574
test_Chiba_00027.jpg,2 13 455 197 582
test_Chiba_00028.jpg,1 382 499 457 579 2 382 499 457 579
test_Chiba_00029.jpg,8 19 487 183 600 8 296 498 455 587
test_Chiba_00030.jpg,1 322 490 402 573 1 441 483 568 574 8 202 486 349 597 8 441 483 568 574
test_Chiba_00031.jpg,2 125 499 207 591
test_Chiba_00032.jpg,5 401 474 578 588 8 179 494 329 598
test_Chiba_00033.jpg,2 201 428 278 550 8 316 391 497 579 8 0 424 188 578
test_Chiba_00034.jpg,2 314 405 391 538 8 16 458 219 561
test_Chiba_00035.jpg,2 417 463 563 570 2 240 501 318 585
test_Chiba_00036.jpg,8 311 403 525 590 8 10 429 206 590
test_Chiba_00037.jpg,7 239 484 462 560 7 184 509 405 586
test_Chiba_00038.jpg,8 302 437 519 600
test_Chiba_00039.jpg,
test_Chiba_00040.jpg,8 281 503 360 600
test_Chiba_00041.jpg,1 175 529 265 600
test_Chiba_00042.jpg,2 155 426 250 529 8 354 399 559 564
test_Chiba_00043.jpg,8 227 478 325 590 8 440 487 596 572
test_Chiba_00044.jpg,2 203 481 282 573 8 326 465 455 581
test_Chiba_00045.jpg,1 293 490 399 575 8 230 489 326 590 8 427 469 585 584
test_Chiba_00046.jpg,8 311 399 516 589 8 2 420 204 589
test_Chiba_00047.jpg,2 456 471 571 579
test_Chiba_00048.jpg,8 216 508 331 600 8 451 483 600 572
test_Chiba_00049.jpg,8 338 413 523 585 8 0 437 191 583
test_Chiba_00050.jpg,2 434 460 573 576 8 177 484 328 579
test_Chiba_00051.jpg,1 383 518 464 595 1 424 514 531 595
test_Chiba_00052.jpg,7 72 465 522 600 7 175 502 397 580
test_Chiba_00053.jpg,2 309 475 402 586 2 440 479 560 575
test_Chiba_00054.jpg,8 288 437 510 596 8 26 463 232 596
test_Chiba_00055.jpg,2 439 472 574 574 8 192 491 328 594
test_Chiba_00056.jpg,5 412 477 586 580
test_Chiba_00057.jpg,1 215 483 291 582 2 215 483 291 582 8 428 462 597 580
test_Chiba_00058.jpg,1 310 434 386 534 2 310 434 386 534
test_Chiba_00059.jpg,1 379 518 455 596 1 434 502 555 587 8 434 502 555 587
test_Chiba_00060.jpg,1 298 480 374 569 8 203 463 334 600 8 410 468 600 580
test_Chiba_00061.jpg,1 199 529 312 600
test_Chiba_00062.jpg,8 288 472 450 592
test_Chiba_00063.jpg,1 190 475 314 578 8 423 475 582 583
test_Chiba_00064.jpg,8 367 428 567 587
test_Chiba_00065.jpg,1 190 519 266 600
test_Chiba_00066.jpg,
test_Chiba_00067.jpg,7 97 408 546 561
test_Chiba_00068.jpg,1 48 528 163 600 2 48 528 163 600
test_Chiba_00069.jpg,7 162 508 379 585
test_Chiba_00070.jpg,2 448 486 550 572 2 324 489 434 567
test_Chiba_00071.jpg,8 297 418 495 588
test_Chiba_00072.jpg,1 190 514 266 600 2 190 514 266 600
test_Chiba_00073.jpg,1 448 488 572 583 1 287 509 447 591 5 287 509 447 591 5 448 488 572 583 6 287 509 447 591
test_Chiba_00074.jpg,7 387 472 593 560
test_Chiba_00075.jpg,1 199 516 276 594 2 199 516 276 594 8 268 497 390 574
test_Chiba_00076.jpg,2 133 499 222 584 2 58 500 183 588
test_Chiba_00077.jpg,2 398 455 549 583 4 176 477 401 552
test_Chiba_00078.jpg,1 444 482 547 569 2 444 482 547 569 8 161 492 319 578
test_Chiba_00079.jpg,1 296 459 375 547 1 203 469 281 560 2 203 469 281 560 2 296 459 375 547
test_Chiba_00080.jpg,1 430 494 547 581 1 363 506 493 584
test_Chiba_00081.jpg,7 74 479 524 600 7 36 514 261 589
test_Chiba_00082.jpg,1 206 518 281 600 8 310 495 431 599
test_Chiba_00083.jpg,8 424 471 597 584 8 203 469 337 600
test_Chiba_00084.jpg,1 433 495 565 582 2 433 495 565 582
test_Chiba_00085.jpg,2 433 484 545 581 8 194 486 280 576
test_Chiba_00086.jpg,7 299 492 524 568 7 183 512 407 588
test_Chiba_00087.jpg,1 345 514 431 590 1 435 497 557 582
test_Chiba_00088.jpg,1 319 503 396 587 1 445 480 579 577 8 445 480 579 577
test_Chiba_00089.jpg,8 313 457 497 596
test_Chiba_00090.jpg,7 74 483 524 600 7 184 486 408 562
test_Chiba_00091.jpg,1 150 526 233 600 1 56 523 202 600 8 271 513 465 591
test_Chiba_00092.jpg,1 335 477 413 557 2 232 480 314 573 8 409 478 583 571 8 232 480 314 573
test_Chiba_00093.jpg,1 289 496 371 581 8 444 478 590 577 8 199 502 366 595
test_Chiba_00094.jpg,8 285 381 458 582 8 0 422 183 591
test_Ichihara_00001.jpg,2 35 405 253 588
test_Ichihara_00002.jpg,1 331 455 436 537 1 164 470 294 557 8 15 439 212 600
test_Ichihara_00003.jpg,1 353 412 454 576 1 400 420 566 590
test_Ichihara_00004.jpg,1 292 489 378 566
test_Ichihara_00005.jpg,1 172 459 328 557 2 430 394 600 574
test_Ichihara_00006.jpg,1 285 421 374 595
test_Ichihara_00007.jpg,1 155 416 278 584 8 32 390 264 600 8 387 384 597 588
test_Ichihara_00008.jpg,1 191 444 290 576 8 466 423 600 572
test_Ichihara_00009.jpg,1 222 428 315 579 1 253 439 377 559
test_Ichihara_00010.jpg,1 271 408 347 595 8 271 408 347 595
test_Ichihara_00011.jpg,3 178 502 403 579
test_Ichihara_00012.jpg,5 206 407 595 597
test_Ichihara_00013.jpg,1 167 494 254 577 2 167 494 254 577 7 309 386 446 461
test_Ichihara_00014.jpg,2 406 393 600 589
test_Ichihara_00015.jpg,
test_Ichihara_00016.jpg,1 174 449 275 600 1 459 457 596 586
test_Ichihara_00017.jpg,7 70 436 520 587
test_Ichihara_00018.jpg,1 221 471 304 582 1 287 473 385 565 8 409 412 598 580
test_Ichihara_00019.jpg,1 230 483 328 580 8 0 432 166 582
test_Ichihara_00020.jpg,7 73 440 523 600
test_Ichihara_00021.jpg,1 154 433 269 586 8 38 387 269 590 8 408 389 600 582
test_Ichihara_00022.jpg,5 311 396 550 600
test_Ichihara_00023.jpg,8 382 397 594 596
test_Ichihara_00024.jpg,1 177 453 275 580 1 341 373 455 448
test_Ichihara_00025.jpg,8 271 396 600 588 8 206 416 349 596
test_Ichihara_00026.jpg,8 420 459 568 592
test_Ichihara_00027.jpg,1 162 409 254 573 8 27 374 256 588 8 458 418 589 560
test_Ichihara_00028.jpg,7 74 466 524 600
test_Ichihara_00029.jpg,2 395 369 574 595
test_Ichihara_00030.jpg,1 455 430 578 586 2 455 430 578 586 5 70 390 309 600
test_Ichihara_00031.jpg,2 445 397 600 572
test_Ichihara_00032.jpg,7 74 471 524 600
test_Ichihara_00033.jpg,8 455 435 600 567 8 3 445 199 577
test_Ichihara_00034.jpg,1 283 436 378 587 1 165 420 365 600
test_Ichihara_00035.jpg,1 381 487 468 582 1 406 491 540 580
test_Ichihara_00036.jpg,7 73 452 523 600
test_Ichihara_00037.jpg,1 357 447 449 555 1 169 475 304 564 8 392 379 582 584 8 16 383 233 574
test_Ichihara_00038.jpg,1 427 417 530 580 1 388 423 475 581
test_Ichihara_00039.jpg,
test_Ichihara_00040.jpg,1 219 445 307 585 8 470 425 600 560
test_Ichihara_00041.jpg,1 169 422 297 579 8 384 364 600 584 8 16 371 237 585
test_Ichihara_00042.jpg,8 8 439 201 585
test_Ichihara_00043.jpg,5 166 390 574 600
test_Ichihara_00044.jpg,1 194 443 282 543 1 211 400 292 475 2 440 376 562 472
test_Ichihara_00045.jpg,7 74 457 524 600
test_Ichihara_00046.jpg,2 144 376 299 572
test_Ichihara_00047.jpg,2 471 387 600 557
test_Ichihara_00048.jpg,1 424 425 558 598
test_Ichihara_00049.jpg,2 25 388 204 576 8 0 415 182 585 8 440 447 588 568
test_Ichihara_00050.jpg,7 80 445 530 597
test_Ichihara_00051.jpg,5 135 385 575 598
test_Muroran_00001.jpg,8 15 371 271 591
test_Muroran_00002.jpg,5 43 409 489 600 5 400 464 588 585 5 10 480 233 579
test_Muroran_00003.jpg,5 49 394 486 600
test_Muroran_00004.jpg,2 271 384 347 600 5 27 392 277 599
test_Muroran_00005.jpg,2 102 362 325 592 5 172 391 585 586 5 276 451 497 545 8 300 370 384 451
test_Muroran_00006.jpg,5 339 337 577 592 8 53 339 361 600 8 339 337 577 592
test_Muroran_00007.jpg,5 72 386 522 600
test_Muroran_00008.jpg,5 52 342 494 599
test_Muroran_00009.jpg,5 116 401 562 596 5 422 441 600 588
test_Muroran_00010.jpg,2 154 365 306 584 2 280 364 368 574 2 312 320 390 535
test_Muroran_00011.jpg,2 354 329 430 510 8 354 329 430 510
test_Muroran_00012.jpg,5 118 406 566 588
test_Muroran_00013.jpg,8 2 442 200 558
test_Muroran_00014.jpg,1 320 363 427 585 2 320 363 427 585 5 303 364 531 594
test_Muroran_00015.jpg,5 130 385 550 600
test_Muroran_00016.jpg,1 479 432 568 583
test_Muroran_00017.jpg,5 134 360 579 588 5 444 407 600 580
test_Muroran_00018.jpg,1 225 400 389 600
test_Muroran_00019.jpg,5 33 382 458 592 5 0 420 221 599
test_Muroran_00020.jpg,2 227 386 317 585
test_Muroran_00021.jpg,1 441 468 551 577 5 208 396 578 589
test_Muroran_00022.jpg,5 100 400 546 597 8 298 386 379 478 8 312 413 395 534
test_Muroran_00023.jpg,5 104 331 550 596
test_Muroran_00024.jpg,1 354 489 432 600
test_Muroran_00025.jpg,2 14 445 161 570 8 281 451 373 586
test_Muroran_00026.jpg,2 333 273 505 600 2 127 316 294 600
test_Muroran_00027.jpg,
test_Muroran_00028.jpg,5 81 326 531 593
test_Muroran_00029.jpg,1 214 386 313 595 2 214 386 313 595 2 258 363 413 578
test_Muroran_00030.jpg,1 56 350 278 600 5 56 350 278 600
test_Muroran_00031.jpg,5 93 376 542 600
test_Muroran_00032.jpg,5 124 375 566 600
test_Muroran_00033.jpg,5 147 392 559 600 8 423 466 528 584 8 374 437 468 584
test_Muroran_00034.jpg,2 247 352 561 594 2 425 378 600 590 5 12 383 333 597
test_Muroran_00035.jpg,1 51 440 177 587 1 113 448 236 587 8 404 441 561 598
test_Muroran_00036.jpg,2 52 365 221 585
test_Muroran_00037.jpg,5 202 362 588 595
test_Muroran_00038.jpg,5 43 384 491 600
test_Muroran_00039.jpg,5 202 375 597 597
test_Muroran_00040.jpg,2 11 380 173 591 5 0 365 305 593
test_Muroran_00041.jpg,5 177 361 600 599
test_Muroran_00042.jpg,2 414 371 594 584
test_Muroran_00043.jpg,1 307 397 439 590 1 162 380 255 464 1 182 390 311 578 1 60 356 447 571
test_Muroran_00044.jpg,5 70 390 520 600
test_Muroran_00045.jpg,5 63 370 510 600
test_Muroran_00046.jpg,5 45 380 489 600
test_Muroran_00047.jpg,2 173 381 262 584 8 35 333 214 570 8 461 431 600 555
test_Muroran_00048.jpg,5 89 388 538 600
test_Muroran_00049.jpg,5 42 337 275 600
test_Muroran_00050.jpg,5 167 372 600 598
test_Muroran_00051.jpg,1 20 438 146 585
test_Muroran_00052.jpg,1 177 477 353 584
test_Muroran_00053.jpg,5 110 401 548 599
test_Muroran_00054.jpg,5 227 413 450 570 5 173 367 364 584
test_Muroran_00055.jpg,1 457 421 600 574 5 457 421 600 574
test_Muroran_00056.jpg,2 305 400 392 578 5 75 372 407 600
test_Muroran_00057.jpg,5 191 389 564 592
test_Muroran_00058.jpg,1 154 520 232 600 2 154 520 232 600 2 345 514 436 596
test_Muroran_00059.jpg,2 296 374 373 497 4 183 373 407 448 7 73 419 523 571
test_Muroran_00060.jpg,1 153 415 241 588 1 289 377 368 456 1 102 362 354 575 1 271 451 441 547 1 223 393 307 485
test_Muroran_00061.jpg,2 272 360 356 580
test_Muroran_00062.jpg,1 387 332 591 595 5 387 332 591 595
test_Muroran_00063.jpg,1 314 367 413 470 1 306 397 463 557 1 357 352 558 579 1 163 420 337 564
test_Muroran_00064.jpg,5 72 398 522 596
test_Muroran_00065.jpg,5 251 351 587 596
test_Muroran_00066.jpg,5 42 368 490 599
test_Muroran_00067.jpg,1 398 423 563 593 8 108 384 263 590
test_Muroran_00068.jpg,1 437 423 568 582 5 162 363 577 600 8 437 423 568 582
test_Muroran_00069.jpg,5 83 390 344 600 8 122 436 230 600
test_Muroran_00070.jpg,2 151 368 237 572 8 326 362 410 447
test_Muroran_00071.jpg,1 326 404 461 575 5 44 381 472 584
test_Muroran_00072.jpg,1 308 355 431 574 5 28 343 386 584
test_Muroran_00073.jpg,1 450 454 545 599 2 450 454 545 599
test_Muroran_00074.jpg,5 197 355 550 587 5 268 380 429 486
test_Muroran_00075.jpg,8 92 366 264 598
test_Muroran_00076.jpg,8 280 462 358 583
test_Muroran_00077.jpg,2 187 374 272 595
test_Muroran_00078.jpg,
test_Muroran_00079.jpg,2 276 352 527 597 5 276 352 527 597
test_Muroran_00080.jpg,2 196 385 334 600 2 292 378 443 600
test_Muroran_00081.jpg,2 361 365 560 584
test_Muroran_00082.jpg,5 68 356 518 597
test_Muroran_00083.jpg,5 157 345 591 593
test_Muroran_00084.jpg,2 236 361 316 583
test_Muroran_00085.jpg,5 66 372 516 599
test_Muroran_00086.jpg,
test_Muroran_00087.jpg,5 171 387 575 599
test_Muroran_00088.jpg,1 331 356 419 577
test_Muroran_00089.jpg,5 220 423 441 600
test_Muroran_00090.jpg,5 132 386 567 595
test_Muroran_00091.jpg,1 20 434 149 568 1 194 349 284 425 1 325 380 446 577 8 311 386 397 476
test_Muroran_00092.jpg,5 73 365 307 600
test_Muroran_00093.jpg,2 187 396 267 600 5 183 406 579 596
test_Muroran_00094.jpg,2 318 507 394 600
test_Muroran_00095.jpg,5 128 377 570 593
test_Muroran_00096.jpg,5 269 419 376 547 8 401 308 598 459 8 269 419 376 547
test_Muroran_00097.jpg,5 307 352 557 596 8 307 352 557 596
test_Muroran_00098.jpg,2 385 386 581 586 8 33 396 248 579
test_Muroran_00099.jpg,5 18 384 456 600
test_Muroran_00100.jpg,2 166 461 249 578 2 307 393 383 469
test_Muroran_00101.jpg,5 55 356 497 595
test_Muroran_00102.jpg,1 417 435 574 600 8 11 326 231 587
test_Muroran_00103.jpg,2 445 444 553 590
test_Muroran_00104.jpg,2 200 394 284 599 8 22 365 210 589 8 435 446 595 589
test_Muroran_00105.jpg,1 199 525 275 600 2 199 525 275 600
test_Muroran_00106.jpg,5 288 343 399 488 5 235 340 561 569 5 237 412 456 538
test_Muroran_00107.jpg,5 89 365 538 600
test_Muroran_00108.jpg,5 62 368 469 600
test_Muroran_00109.jpg,5 85 370 534 600
test_Muroran_00110.jpg,2 294 376 547 597 8 15 336 165 456
test_Muroran_00111.jpg,8 331 406 453 600
test_Muroran_00112.jpg,5 55 394 501 600
test_Muroran_00113.jpg,5 118 355 566 600
test_Muroran_00114.jpg,8 24 351 210 470 8 15 377 256 563
test_Muroran_00115.jpg,2 274 350 353 573
test_Muroran_00116.jpg,5 115 397 559 585
test_Muroran_00117.jpg,2 208 448 291 595 2 10 454 150 564
test_Muroran_00118.jpg,5 196 356 558 598
test_Muroran_00119.jpg,1 303 413 398 600 1 29 393 175 599 5 21 370 394 600
test_Muroran_00120.jpg,1 321 486 420 577
test_Muroran_00121.jpg,5 98 387 545 597
test_Muroran_00122.jpg,1 297 406 385 555 8 321 387 399 488 8 297 406 385 555
test_Muroran_00123.jpg,1 123 418 272 584
test_Muroran_00124.jpg,5 39 375 429 589 8 361 429 454 590
test_Muroran_00125.jpg,5 112 381 550 584
test_Muroran_00126.jpg,1 356 415 442 598 2 356 415 442 598
test_Muroran_00127.jpg,5 261 418 379 551 8 398 300 600 459 8 261 418 379 551
test_Muroran_00128.jpg,1 456 358 554 511 2 456 358 554 511
test_Muroran_00129.jpg,2 84 356 255 597 2 410 407 588 595 2 183 330 278 536
test_Muroran_00130.jpg,5 11 357 437 597
test_Muroran_00131.jpg,1 431 478 542 589 1 360 468 473 568 8 55 340 296 596
test_Muroran_00132.jpg,5 88 384 537 600
test_Muroran_00133.jpg,1 290 354 375 574 2 328 325 405 543
test_Muroran_00134.jpg,1 194 409 274 596 2 194 409 274 596 8 50 337 223 580
test_Muroran_00135.jpg,5 187 355 583 600
test_Muroran_00136.jpg,5 52 366 497 597
test_Muroran_00137.jpg,1 288 373 415 590
test_Muroran_00138.jpg,5 110 358 556 595
test_Muroran_00139.jpg,5 406 440 596 590 5 168 403 589 586
test_Muroran_00140.jpg,5 126 358 572 600
test_Muroran_00141.jpg,5 106 375 551 592
test_Muroran_00142.jpg,5 159 512 368 590 8 13 495 223 582
test_Muroran_00143.jpg,1 29 435 177 585 1 163 436 251 577 1 171 395 247 474 8 359 407 446 597
test_Muroran_00144.jpg,5 148 475 373 600
test_Muroran_00145.jpg,1 0 392 121 585
test_Muroran_00146.jpg,
test_Muroran_00147.jpg,5 257 359 520 600
test_Muroran_00148.jpg,2 296 381 372 473 2 316 427 394 540 8 457 456 596 573 8 152 406 264 583 8 296 381 372 473
test_Muroran_00149.jpg,5 58 376 507 600
test_Muroran_00150.jpg,5 126 380 568 594
test_Muroran_00151.jpg,1 182 431 261 600 1 329 470 442 600 1 400 473 579 594
test_Muroran_00152.jpg,5 90 368 540 600
test_Muroran_00153.jpg,1 164 448 247 570 1 310 373 386 450 1 172 384 261 468 1 331 470 412 564 1 447 474 556 590
test_Muroran_00154.jpg,5 225 397 445 600
test_Muroran_00155.jpg,5 65 398 515 590
test_Muroran_00156.jpg,1 301 400 420 589 1 211 402 303 585 8 51 356 233 582 8 316 371 577 583
test_Muroran_00157.jpg,2 191 348 282 572
test_Muroran_00158.jpg,
test_Muroran_00159.jpg,8 337 378 420 470 8 313 425 510 533
test_Muroran_00160.jpg,2 54 325 254 591 2 325 347 410 571
test_Muroran_00161.jpg,5 274 390 574 596 5 408 426 595 583
test_Muroran_00162.jpg,5 50 384 498 600
test_Muroran_00163.jpg,5 357 374 592 598
test_Muroran_00164.jpg,5 18 333 328 582 5 109 348 291 468
test_Muroran_00165.jpg,5 323 364 568 600 8 414 415 585 597
test_Muroran_00166.jpg,1 142 427 319 588
test_Muroran_00167.jpg,5 0 374 410 597
test_Muroran_00168.jpg,5 273 361 596 598
test_Muroran_00169.jpg,1 459 486 549 600 2 459 486 549 600 5 0 370 313 588
test_Muroran_00170.jpg,8 0 343 209 571
test_Muroran_00171.jpg,1 246 370 574 587 5 246 370 574 587
test_Muroran_00172.jpg,5 0 395 436 598
test_Muroran_00173.jpg,2 220 412 301 600
test_Muroran_00174.jpg,2 156 378 312 595 2 362 332 571 581 2 442 407 600 582
test_Muroran_00175.jpg,5 94 365 543 589
test_Muroran_00176.jpg,5 210 379 560 600 8 327 433 486 590 8 382 474 548 587
test_Muroran_00177.jpg,5 130 367 571 598
test_Muroran_00178.jpg,1 124 435 259 591 8 44 368 241 583
test_Muroran_00179.jpg,2 346 404 484 600
test_Muroran_00180.jpg,1 151 440 256 539 1 158 396 240 473 1 32 386 342 565 2 151 440 256 539 2 158 396 240 473
test_Muroran_00181.jpg,2 371 434 469 574
test_Muroran_00182.jpg,1 188 351 272 574
test_Muroran_00183.jpg,5 38 346 474 598
test_Muroran_00184.jpg,
test_Muroran_00185.jpg,5 98 358 546 600
test_Muroran_00186.jpg,1 166 405 259 599 1 332 385 414 487 1 324 386 469 573 8 19 344 211 580 8 338 349 558 586
test_Muroran_00187.jpg,5 82 361 345 600
test_Muroran_00188.jpg,1 336 411 431 565 8 336 411 431 565
test_Muroran_00189.jpg,1 18 436 184 585 5 32 388 296 596 5 18 436 184 585 8 431 506 565 596
test_Muroran_00190.jpg,8 329 336 575 598 8 33 363 251 583
test_Muroran_00191.jpg,3 67 436 517 593
test_Muroran_00192.jpg,8 324 362 585 583 8 27 354 221 573 8 292 372 388 451
test_Muroran_00193.jpg,5 134 389 575 576 5 302 362 524 438
test_Muroran_00194.jpg,5 189 384 583 589
test_Muroran_00195.jpg,1 216 375 306 593 5 30 366 345 591
test_Muroran_00196.jpg,5 92 342 539 599
test_Muroran_00197.jpg,2 442 318 600 537 8 54 333 282 590
test_Muroran_00198.jpg,5 11 352 400 592
test_Muroran_00199.jpg,5 326 357 563 599 8 416 441 585 597 8 313 359 393 447 8 326 357 563 599
test_Muroran_00200.jpg,5 128 372 560 598 8 211 403 293 587
test_Muroran_00201.jpg,1 32 407 159 586 1 53 366 269 583 1 351 398 469 582 8 290 352 547 594
test_Muroran_00202.jpg,5 101 402 550 572
test_Muroran_00203.jpg,1 219 431 322 593 5 152 356 575 575
test_Muroran_00204.jpg,1 197 357 353 580
test_Muroran_00205.jpg,5 187 384 600 598
test_Muroran_00206.jpg,5 25 395 457 599 8 29 431 151 588
test_Muroran_00207.jpg,5 58 389 506 599 8 171 455 370 564 8 288 379 380 456
test_Muroran_00208.jpg,8 221 369 586 573
test_Muroran_00209.jpg,5 106 369 556 600
test_Muroran_00210.jpg,1 169 447 283 600 5 169 447 283 600
test_Muroran_00211.jpg,1 446 434 600 599 1 201 427 308 600 5 446 434 600 599
test_Muroran_00212.jpg,5 165 391 385 600
test_Muroran_00213.jpg,5 33 386 478 600
test_Muroran_00214.jpg,1 275 390 373 584 1 450 332 558 507 8 33 333 287 598
test_Muroran_00215.jpg,5 254 360 567 600
test_Muroran_00216.jpg,5 42 366 490 597
test_Muroran_00217.jpg,1 185 415 276 586
test_Muroran_00218.jpg,2 172 343 249 519 2 48 385 144 577 2 86 327 251 566 8 40 348 147 489 8 338 323 589 548
test_Muroran_00219.jpg,2 272 361 351 583
test_Muroran_00220.jpg,5 128 370 575 599
test_Muroran_00221.jpg,5 103 329 552 592
test_Muroran_00222.jpg,8 143 460 362 558
test_Muroran_00223.jpg,5 219 383 583 586
test_Muroran_00224.jpg,1 4 422 181 586 5 12 376 356 597 8 308 372 393 581
test_Muroran_00225.jpg,8 6 354 235 581 8 440 377 577 470
test_Muroran_00226.jpg,1 322 507 398 583 2 322 507 398 583 7 190 509 376 585
test_Muroran_00227.jpg,2 363 277 565 590
test_Muroran_00228.jpg,5 262 426 445 600 6 262 426 445 600
test_Muroran_00229.jpg,5 248 359 517 600
test_Muroran_00230.jpg,1 331 433 423 551 2 331 433 423 551
test_Muroran_00231.jpg,5 114 326 556 591
test_Muroran_00232.jpg,5 157 375 553 599
test_Muroran_00233.jpg,2 141 364 220 586
test_Muroran_00234.jpg,5 67 374 461 600
test_Muroran_00235.jpg,2 291 400 368 594
test_Muroran_00236.jpg,5 41 385 449 600
test_Muroran_00237.jpg,1 189 416 270 575 1 341 386 420 472 8 34 342 215 570 8 351 351 543 594
test_Muroran_00238.jpg,5 24 332 301 591 5 110 339 277 472
test_Muroran_00239.jpg,5 71 419 521 600
test_Muroran_00240.jpg,8 29 345 291 600 8 449 392 594 573
test_Muroran_00241.jpg,1 193 337 270 424 2 193 337 270 424 7 88 388 537 558
test_Muroran_00242.jpg,5 130 376 575 598
test_Muroran_00243.jpg,2 422 393 566 587 8 0 288 210 562
test_Muroran_00244.jpg,5 47 382 484 600 8 467 458 579 577 8 320 350 403 425 8 220 376 299 453
test_Muroran_00245.jpg,2 227 375 313 580
test_Muroran_00246.jpg,1 274 350 378 572
test_Muroran_00247.jpg,8 42 369 208 593
test_Muroran_00248.jpg,5 222 388 599 597
test_Muroran_00249.jpg,5 0 360 258 578
test_Muroran_00250.jpg,2 441 444 556 587 2 218 443 307 589 8 296 430 396 568
test_Muroran_00251.jpg,8 4 341 236 587 8 364 356 446 436
test_Muroran_00252.jpg,2 292 343 376 568
test_Muroran_00253.jpg,5 110 384 557 594
test_Muroran_00254.jpg,8 360 418 465 565 8 359 397 436 479
test_Muroran_00255.jpg,5 60 343 508 597
test_Muroran_00256.jpg,5 28 379 442 600
test_Muroran_00257.jpg,5 117 377 563 597
test_Muroran_00258.jpg,1 296 404 419 600 1 33 401 143 587 1 61 368 326 583 1 183 360 263 448 8 259 350 539 597
test_Muroran_00259.jpg,2 328 344 425 428 2 240 319 333 453 4 328 344 425 428 4 279 446 502 523 5 328 344 425 428
test_Muroran_00260.jpg,1 302 458 382 600 2 302 458 382 600 5 13 491 228 576
test_Muroran_00261.jpg,5 31 413 206 600
test_Muroran_00262.jpg,5 108 362 555 597
test_Muroran_00263.jpg,1 302 409 467 600 5 302 409 467 600
test_Muroran_00264.jpg,1 66 268 232 598 2 66 268 232 598
test_Muroran_00265.jpg,5 176 360 571 584 8 401 338 592 485
test_Muroran_00266.jpg,5 54 390 496 600 8 296 420 378 584
test_Muroran_00267.jpg,5 286 355 571 600
test_Muroran_00268.jpg,1 195 430 300 588 1 370 374 460 454
test_Muroran_00269.jpg,5 94 366 543 598
test_Muroran_00270.jpg,1 192 355 279 430 5 108 397 553 582
test_Muroran_00271.jpg,1 321 360 429 583 2 321 360 429 583 5 310 367 539 594
test_Muroran_00272.jpg,1 161 373 240 452 8 376 376 566 597
test_Muroran_00273.jpg,2 29 312 205 586
test_Muroran_00274.jpg,8 321 361 408 439 8 139 442 338 568
test_Muroran_00275.jpg,1 139 437 254 583 8 14 313 189 592 8 433 467 579 599 8 335 350 575 576
test_Muroran_00276.jpg,5 161 386 577 595 8 441 486 576 586
test_Muroran_00277.jpg,1 191 427 320 589 5 208 364 576 598 8 431 484 564 594
test_Muroran_00278.jpg,8 215 364 320 582
test_Muroran_00279.jpg,2 42 366 212 579 2 300 403 424 578 8 300 403 424 578
test_Muroran_00280.jpg,5 210 403 570 599 8 409 482 554 585 8 320 388 397 464
test_Muroran_00281.jpg,5 215 354 600 599 8 203 362 281 583 8 405 374 600 455
test_Muroran_00282.jpg,2 294 381 396 573
test_Muroran_00283.jpg,1 13 457 165 569 5 130 393 567 600
test_Muroran_00284.jpg,5 114 342 559 584
test_Muroran_00285.jpg,2 286 329 527 600 5 286 329 527 600
test_Muroran_00286.jpg,5 52 390 498 600
test_Muroran_00287.jpg,1 232 423 331 582
test_Muroran_00288.jpg,5 138 339 558 582
test_Muroran_00289.jpg,5 183 387 588 600 8 393 455 567 586
test_Muroran_00290.jpg,2 446 393 596 586 8 26 365 218 600
test_Muroran_00291.jpg,1 185 372 275 585 8 83 352 263 595
test_Muroran_00292.jpg,5 68 388 518 600
test_Muroran_00293.jpg,5 177 426 361 593 5 27 388 421 583
test_Muroran_00294.jpg,1 151 467 235 600 2 151 467 235 600
test_Muroran_00295.jpg,1 139 474 309 583 1 270 478 412 588 5 139 474 309 583
test_Muroran_00296.jpg,2 141 417 267 564
test_Muroran_00297.jpg,2 449 413 590 587
test_Muroran_00298.jpg,2 388 367 576 591
test_Muroran_00299.jpg,5 296 366 584 597
test_Muroran_00300.jpg,1 25 495 184 585 2 419 471 564 590
test_Muroran_00301.jpg,5 39 405 487 582 8 172 371 330 446
test_Muroran_00302.jpg,1 365 517 444 598 8 157 503 259 592 8 49 500 219 597
test_Muroran_00303.jpg,5 69 348 269 589
test_Muroran_00304.jpg,5 110 376 554 597
test_Muroran_00305.jpg,8 422 467 586 600
test_Muroran_00306.jpg,2 272 349 348 573
test_Muroran_00307.jpg,5 101 386 545 596
test_Muroran_00308.jpg,
test_Muroran_00309.jpg,5 313 362 600 595
test_Muroran_00310.jpg,8 0 424 196 595 8 445 376 553 481
test_Muroran_00311.jpg,
test_Muroran_00312.jpg,2 361 355 568 584
test_Muroran_00313.jpg,2 300 355 380 573
test_Muroran_00314.jpg,5 79 392 529 600 8 350 341 441 416
test_Muroran_00315.jpg,5 96 367 545 599
test_Muroran_00316.jpg,5 68 353 293 600
test_Muroran_00317.jpg,1 125 404 245 600
test_Muroran_00318.jpg,2 291 384 368 599 5 0 403 275 593
test_Muroran_00319.jpg,2 316 349 413 471 2 63 348 305 562
test_Muroran_00320.jpg,2 234 363 312 584 5 222 386 600 596
test_Muroran_00321.jpg,5 98 375 547 600 8 333 439 500 562
test_Muroran_00322.jpg,1 203 391 335 590
test_Muroran_00323.jpg,5 95 381 545 600
test_Muroran_00324.jpg,1 309 490 388 600 2 309 490 388 600
test_Muroran_00325.jpg,1 226 390 303 580 2 226 390 303 580 8 292 342 386 419
test_Muroran_00326.jpg,5 23 348 305 593
test_Muroran_00327.jpg,8 447 451 583 580
test_Muroran_00328.jpg,1 180 398 326 600 1 286 376 383 584
test_Muroran_00329.jpg,7 159 378 309 453 8 31 449 175 557 8 440 457 590 573
test_Muroran_00330.jpg,2 34 408 173 593
test_Muroran_00331.jpg,7 87 359 536 527
test_Muroran_00332.jpg,5 249 365 570 587
test_Muroran_00333.jpg,
test_Muroran_00334.jpg,2 314 338 521 600
test_Muroran_00335.jpg,1 368 427 466 600 2 368 427 466 600
test_Muroran_00336.jpg,8 459 451 580 595
test_Muroran_00337.jpg,1 380 477 466 583 1 413 467 546 575
test_Muroran_00338.jpg,1 156 431 244 600 1 280 486 422 580 1 67 441 163 573 1 79 380 333 595 8 156 431 244 600
test_Muroran_00339.jpg,1 163 437 330 593 5 139 377 560 600 5 163 437 330 593
test_Muroran_00340.jpg,
test_Muroran_00341.jpg,8 369 422 453 592 8 312 384 387 502 8 14 356 200 481 8 4 446 162 565
test_Muroran_00342.jpg,5 43 361 490 597
test_Muroran_00343.jpg,8 187 380 328 455
test_Muroran_00344.jpg,5 128 375 551 600
test_Muroran_00345.jpg,5 12 316 365 594
test_Muroran_00346.jpg,1 212 380 290 589 8 31 301 213 569 8 396 446 564 592 8 316 348 568 587
test_Muroran_00347.jpg,5 280 396 600 592
test_Muroran_00348.jpg,5 270 345 567 597
test_Muroran_00349.jpg,2 97 318 255 590 2 309 294 388 491 8 309 294 388 491
test_Muroran_00350.jpg,1 471 445 595 593 1 65 339 293 593 5 65 339 293 593
test_Muroran_00351.jpg,2 300 397 401 569 2 65 361 251 588
test_Muroran_00352.jpg,5 69 346 519 591
test_Muroran_00353.jpg,1 225 372 336 585 5 225 372 336 585
test_Muroran_00354.jpg,2 305 369 384 576
test_Muroran_00355.jpg,2 190 356 276 580 5 307 325 561 600
test_Muroran_00356.jpg,2 453 325 555 507 8 453 325 555 507
test_Muroran_00357.jpg,5 89 376 538 593
test_Muroran_00358.jpg,2 381 333 581 571 2 444 408 600 556
test_Muroran_00359.jpg,1 448 439 560 571 5 233 379 580 591
test_Muroran_00360.jpg,5 121 372 569 600
test_Muroran_00361.jpg,5 57 382 497 591 8 209 369 303 446 8 262 338 423 413
test_Muroran_00362.jpg,5 217 378 579 600 8 433 460 578 584
test_Muroran_00363.jpg,1 166 476 256 588
test_Muroran_00364.jpg,8 123 376 288 594 8 370 346 600 566
test_Muroran_00365.jpg,1 430 429 552 593 8 1 360 211 581 8 430 429 552 593
test_Muroran_00366.jpg,5 211 369 413 590
test_Muroran_00367.jpg,5 376 327 598 593
test_Muroran_00368.jpg,8 487 421 581 556
test_Muroran_00369.jpg,7 73 426 523 582
test_Muroran_00370.jpg,1 26 363 265 589 5 26 363 265 589 8 415 488 555 586
test_Muroran_00371.jpg,2 315 384 434 598 2 146 395 274 592
test_Muroran_00372.jpg,1 440 431 567 599 5 161 399 585 589 5 440 431 567 599
test_Muroran_00373.jpg,5 175 372 592 593 8 50 356 477 600
test_Muroran_00374.jpg,1 327 415 431 585
test_Muroran_00375.jpg,1 178 382 274 594 2 178 382 274 594
test_Muroran_00376.jpg,5 45 355 391 591 5 151 371 358 471
test_Muroran_00377.jpg,1 468 413 575 582 5 151 357 582 594
test_Muroran_00378.jpg,5 142 377 586 595
test_Muroran_00379.jpg,5 78 343 341 598
test_Muroran_00380.jpg,1 109 452 257 598 5 109 452 257 598 8 412 444 565 600
test_Muroran_00381.jpg,1 61 343 231 584 1 285 408 460 580
test_Muroran_00382.jpg,2 365 408 460 577 2 175 386 257 465 2 33 437 177 546
test_Muroran_00383.jpg,5 55 392 372 599
test_Muroran_00384.jpg,2 382 317 459 534 2 378 344 551 596 5 378 344 551 596
test_Muroran_00385.jpg,5 141 404 579 599
test_Muroran_00386.jpg,2 147 360 260 582 8 405 426 560 586
test_Muroran_00387.jpg,2 45 329 215 582 2 190 302 334 480
test_Muroran_00388.jpg,5 102 380 548 600
test_Muroran_00389.jpg,1 400 323 596 587 5 400 323 596 587
test_Muroran_00390.jpg,2 363 396 456 576 2 295 357 512 600 2 422 433 542 587 8 352 372 438 484
test_Muroran_00391.jpg,1 54 434 188 586 2 339 365 433 585 2 66 383 239 594
test_Muroran_00392.jpg,5 72 386 522 600
test_Muroran_00393.jpg,5 67 390 517 600
test_Muroran_00394.jpg,5 96 385 544 600
test_Muroran_00395.jpg,1 348 434 430 546 1 299 400 376 484 2 348 434 430 546 2 299 400 376 484 8 299 400 376 484
test_Muroran_00396.jpg,5 104 364 552 600
test_Muroran_00397.jpg,
test_Muroran_00398.jpg,1 409 443 581 591 5 409 443 581 591
test_Muroran_00399.jpg,5 83 356 301 600
test_Muroran_00400.jpg,1 21 466 218 581 2 366 456 458 578 5 21 466 218 581
test_Muroran_00401.jpg,1 291 449 375 585 8 291 449 375 585
test_Muroran_00402.jpg,8 442 371 600 468
test_Muroran_00403.jpg,5 239 375 462 594
test_Muroran_00404.jpg,2 244 343 321 567
test_Muroran_00405.jpg,2 277 355 419 579
test_Muroran_00406.jpg,7 73 393 523 551
test_Muroran_00407.jpg,2 86 357 351 599 5 221 377 556 595
test_Muroran_00408.jpg,5 186 363 600 600 8 445 426 590 561
test_Muroran_00409.jpg,5 101 383 550 600
test_Muroran_00410.jpg,5 319 391 550 600
test_Muroran_00411.jpg,5 0 367 355 596
test_Muroran_00412.jpg,5 100 378 548 598 8 23 457 179 579
test_Muroran_00413.jpg,2 399 316 573 568
test_Muroran_00414.jpg,5 56 362 503 600
test_Muroran_00415.jpg,5 338 400 592 600
test_Muroran_00416.jpg,
test_Muroran_00417.jpg,2 381 346 579 589 8 297 350 427 429 8 175 382 327 575
test_Muroran_00418.jpg,5 53 393 500 600
test_Muroran_00419.jpg,5 82 363 532 600
test_Muroran_00420.jpg,8 378 363 588 587 8 12 416 173 578
test_Muroran_00421.jpg,1 206 402 314 582 3 247 476 472 555
test_Muroran_00422.jpg,1 28 402 147 594 1 40 347 223 573
test_Muroran_00423.jpg,5 120 346 554 599
test_Muroran_00424.jpg,5 126 418 565 593 5 154 492 378 589
test_Muroran_00425.jpg,8 270 356 347 577
test_Muroran_00426.jpg,5 103 390 551 593
test_Muroran_00427.jpg,1 217 512 295 594 2 217 512 295 594
test_Muroran_00428.jpg,5 172 344 571 598
test_Muroran_00429.jpg,2 449 469 552 600 5 42 386 347 596
test_Nagakute_00001.jpg,2 54 339 245 586 8 371 327 600 569
test_Nagakute_00002.jpg,2 263 387 427 600 8 24 349 148 443
test_Nagakute_00003.jpg,1 217 379 315 585
test_Nagakute_00004.jpg,1 124 434 226 598 1 82 374 268 583
test_Nagakute_00005.jpg,5 45 394 480 600
test_Nagakute_00006.jpg,1 137 398 320 593 5 20 387 362 595 8 471 412 600 575
test_Nagakute_00007.jpg,2 72 328 256 596 5 327 347 597 578
test_Nagakute_00008.jpg,5 120 396 551 599
test_Nagakute_00009.jpg,2 201 388 285 571 8 289 364 600 557
test_Nagakute_00010.jpg,1 254 355 330 576 2 254 355 330 576
test_Nagakute_00011.jpg,5 62 349 507 589 7 103 351 551 581 8 162 320 263 402
test_Nagakute_00012.jpg,1 153 362 257 575 2 153 362 257 575
test_Nagakute_00013.jpg,8 183 351 291 491 8 124 380 286 577
test_Nagakute_00014.jpg,5 262 370 549 592 5 30 377 325 600 8 30 377 325 600 8 18 436 205 585
test_Nagakute_00015.jpg,7 72 415 522 574
test_Nagakute_00016.jpg,5 124 363 571 598
test_Nagakute_00017.jpg,3 58 407 507 570
test_Nagakute_00018.jpg,1 3 369 140 492
test_Nagakute_00019.jpg,2 405 311 588 499
test_Nagakute_00020.jpg,5 19 313 433 576 8 3 276 137 455
test_Nagakute_00021.jpg,2 64 262 227 597
test_Nagakute_00022.jpg,3 58 384 500 561
test_Nagakute_00023.jpg,8 47 325 282 600
test_Nagakute_00024.jpg,5 45 408 491 600
test_Nagakute_00025.jpg,1 32 408 158 581 8 303 335 577 600
test_Nagakute_00026.jpg,1 190 433 275 566 8 277 442 366 568
test_Nagakute_00027.jpg,2 316 310 586 585 8 0 295 202 502 8 316 310 586 585
test_Nagakute_00028.jpg,2 140 403 263 582 5 228 375 567 585
test_Nagakute_00029.jpg,7 44 378 487 590 8 44 378 487 590
test_Nagakute_00030.jpg,2 271 369 394 587 5 268 367 553 592
test_Nagakute_00031.jpg,7 98 416 547 582
test_Nagakute_00032.jpg,2 117 371 216 589
test_Nagakute_00033.jpg,2 280 363 506 600
test_Nagakute_00034.jpg,1 232 349 309 572 2 232 349 309 572
test_Nagakute_00035.jpg,1 50 354 357 581 5 50 354 357 581
test_Nagakute_00036.jpg,1 47 476 176 581 2 47 476 176 581
test_Nagakute_00037.jpg,7 94 402 544 565
test_Nagakute_00038.jpg,1 122 468 316 575 2 440 404 598 561 8 18 408 200 600
test_Nagakute_00039.jpg,1 58 413 169 585 8 3 321 180 519 8 299 349 562 595
test_Nagakute_00040.jpg,1 243 443 322 592
test_Nagakute_00041.jpg,2 272 501 356 600
test_Nagakute_00042.jpg,1 277 441 357 586 8 443 433 586 562
test_Nagakute_00043.jpg,1 309 383 412 565 1 161 429 275 577 1 298 383 376 493 8 0 312 206 501
test_Nagakute_00044.jpg,8 314 382 403 465
test_Nagakute_00045.jpg,5 152 353 598 600
test_Nagakute_00046.jpg,2 246 345 323 569 8 316 334 581 581
test_Nagakute_00047.jpg,2 261 363 390 571
test_Nagakute_00048.jpg,8 260 413 399 576 8 210 408 298 555
test_Nagakute_00049.jpg,2 159 364 541 585
test_Nagakute_00050.jpg,8 264 405 374 588
test_Nagakute_00051.jpg,1 10 347 196 566 8 0 317 208 500 8 324 337 570 596
test_Nagakute_00052.jpg,1 31 392 153 595 5 243 378 569 590
test_Nagakute_00053.jpg,2 150 376 235 593
test_Nagakute_00054.jpg,
test_Nagakute_00055.jpg,5 93 344 541 596
test_Nagakute_00056.jpg,2 46 324 266 562
test_Nagakute_00057.jpg,1 383 452 462 556 2 383 452 462 556
test_Nagakute_00058.jpg,1 276 399 373 600 8 6 332 124 499
test_Nagakute_00059.jpg,3 167 494 391 570 8 289 363 594 580 8 0 330 189 480
test_Nagakute_00060.jpg,8 13 370 421 581 8 263 466 426 573
test_Nagakute_00061.jpg,7 72 425 522 583
test_Nagakute_00062.jpg,2 206 358 293 581 5 236 341 516 600
test_Nagakute_00063.jpg,2 235 366 322 589 2 15 370 156 468 3 224 453 447 556
test_Nagakute_00064.jpg,1 314 459 450 576 1 37 457 194 574 8 314 368 558 587
test_Nagakute_00065.jpg,2 146 401 241 580
test_Nagakute_00066.jpg,2 255 348 331 572
test_Nagakute_00067.jpg,1 231 384 324 592
test_Nagakute_00068.jpg,7 97 358 547 539
test_Nagakute_00069.jpg,8 257 321 569 600
test_Nagakute_00070.jpg,1 179 359 263 581 2 179 359 263 581 8 65 362 235 591
test_Nagakute_00071.jpg,1 283 434 395 546 1 214 409 319 577 1 312 388 398 465 8 312 388 398 465
test_Nagakute_00072.jpg,1 225 399 304 600
test_Nagakute_00073.jpg,2 395 297 596 579 8 67 336 297 600
test_Nagakute_00074.jpg,1 97 351 289 600
test_Nagakute_00075.jpg,2 352 301 569 585
test_Nagakute_00076.jpg,
test_Nagakute_00077.jpg,2 351 357 439 577 8 49 347 270 594
test_Nagakute_00078.jpg,1 278 354 384 472 1 147 444 317 549 8 17 292 212 537 8 343 297 563 559
test_Nagakute_00079.jpg,1 49 397 154 592
test_Nagakute_00080.jpg,2 207 372 341 586 5 213 435 435 564
test_Nagakute_00081.jpg,1 54 420 163 578 8 305 350 561 582
test_Nagakute_00082.jpg,2 97 295 279 600
test_Nagakute_00083.jpg,5 55 356 504 595
test_Nagakute_00084.jpg,8 90 317 263 600
test_Nagakute_00085.jpg,5 201 378 592 596 8 397 431 594 586 8 201 378 592 596
test_Nagakute_00086.jpg,5 42 356 331 596 8 42 356 331 596 8 163 373 259 591
test_Nagakute_00087.jpg,1 146 464 229 578 8 36 404 153 587 8 331 382 555 579
test_Nagakute_00088.jpg,8 313 344 554 598 8 0 338 270 573
test_Nagakute_00089.jpg,2 234 355 313 576 8 415 403 600 578 8 222 332 304 550
test_Nagakute_00090.jpg,7 88 394 538 560
test_Nagakute_00091.jpg,2 296 319 380 544
test_Nagakute_00092.jpg,5 57 358 506 596
test_Nagakute_00093.jpg,8 39 355 243 598 8 286 372 588 582
test_Nagakute_00094.jpg,2 40 438 181 554 7 66 428 516 581
test_Nagakute_00095.jpg,1 143 421 263 541 8 451 427 598 561
test_Nagakute_00096.jpg,1 314 390 427 485
test_Nagakute_00097.jpg,1 180 399 283 572
test_Nagakute_00098.jpg,8 338 358 600 583
test_Nagakute_00099.jpg,5 127 374 574 600
test_Nagakute_00100.jpg,3 51 385 498 555 4 51 385 498 555
test_Nagakute_00101.jpg,5 226 320 600 585 8 203 320 279 545 8 165 352 248 575
test_Nagakute_00102.jpg,2 385 321 466 546 8 33 328 327 599
test_Nagakute_00103.jpg,8 257 384 372 588
test_Nagakute_00104.jpg,8 331 351 589 581
test_Nagakute_00105.jpg,2 339 481 484 586
test_Nagakute_00106.jpg,1 297 494 431 572 7 178 340 403 415
test_Nagakute_00107.jpg,1 135 363 222 579 2 135 363 222 579 8 307 343 553 588
test_Nagakute_00108.jpg,1 216 410 295 592 2 216 410 295 592
test_Nagakute_00109.jpg,2 288 361 473 583
test_Nagakute_00110.jpg,2 275 317 370 542 2 229 297 312 514 8 42 271 253 571
test_Nagakute_00111.jpg,5 96 381 543 591
test_Nagakute_00112.jpg,1 10 389 159 587
test_Nagakute_00113.jpg,2 72 250 253 600
test_Nagakute_00114.jpg,2 222 355 305 576 2 62 340 230 578 8 327 331 575 594
test_Nagakute_00115.jpg,7 13 388 462 542
test_Nagakute_00116.jpg,1 148 423 252 598 1 332 436 458 585
test_Nagakute_00117.jpg,2 263 386 514 594
test_Nagakute_00118.jpg,8 311 345 570 597
test_Nagakute_00119.jpg,5 237 361 542 594
test_Nagakute_00120.jpg,5 6 360 242 591
test_Nagakute_00121.jpg,1 207 427 290 589 2 207 427 290 589 8 3 394 173 583 8 279 417 480 575
test_Nagakute_00122.jpg,1 284 370 377 576 2 40 320 253 562 2 186 320 320 520 2 284 370 377 576
test_Nagakute_00123.jpg,5 63 369 512 600
test_Nagakute_00124.jpg,5 6 375 290 590 8 0 414 148 580 8 277 363 558 596 8 58 370 167 482
test_Nagakute_00125.jpg,5 128 389 572 576
test_Nagakute_00126.jpg,2 313 379 551 592
test_Nagakute_00127.jpg,1 304 532 383 600 1 238 538 326 600
test_Nagakute_00128.jpg,5 106 307 555 585
test_Nagakute_00129.jpg,2 245 330 509 595
test_Nagakute_00130.jpg,1 172 391 249 597 2 172 391 249 597
test_Nagakute_00131.jpg,1 310 368 413 564 1 285 341 365 524 8 7 307 205 467
test_Nagakute_00132.jpg,2 225 346 302 570 8 308 340 598 572 8 58 343 250 588
test_Nagakute_00133.jpg,5 63 437 513 600
test_Nagakute_00134.jpg,2 256 365 450 588 5 18 364 387 579
test_Nagakute_00135.jpg,1 168 472 334 569 8 24 381 221 596 8 416 412 600 577
test_Nagakute_00136.jpg,5 78 359 297 600
test_Nagakute_00137.jpg,2 188 402 290 590
test_Nagakute_00138.jpg,8 337 326 582 586
test_Nagakute_00139.jpg,1 46 396 152 590 1 309 438 500 596 8 29 334 133 516
test_Nagakute_00140.jpg,5 269 394 452 580
test_Nagakute_00141.jpg,8 20 350 218 579
test_Nagakute_00142.jpg,8 78 267 305 579
test_Nagakute_00143.jpg,5 271 263 588 586 8 271 263 588 586
test_Nagakute_00144.jpg,1 35 338 217 573 2 35 338 217 573
test_Nagakute_00145.jpg,8 48 376 216 600
test_Nagakute_00146.jpg,5 139 392 574 594 8 181 445 377 595
test_Nagakute_00147.jpg,5 116 386 561 600
test_Nagakute_00148.jpg,8 455 443 594 567
test_Nagakute_00149.jpg,
test_Nagakute_00150.jpg,2 212 408 305 555 2 197 396 284 480
test_Nagakute_00151.jpg,8 284 317 592 595
test_Nagakute_00152.jpg,1 134 502 229 597
test_Nagakute_00153.jpg,7 74 447 524 600
test_Nagakute_00154.jpg,8 107 424 272 600
test_Nagakute_00155.jpg,8 311 383 560 593
test_Nagakute_00156.jpg,5 5 368 285 596 8 225 345 566 596 8 39 338 191 476
test_Nagakute_00157.jpg,
test_Nagakute_00158.jpg,8 286 306 564 591 8 0 341 142 463
test_Nagakute_00159.jpg,1 156 305 233 529 2 156 305 233 529
test_Nagakute_00160.jpg,8 34 344 232 600
test_Nagakute_00161.jpg,2 337 322 544 592
test_Nagakute_00162.jpg,1 131 401 283 592 8 295 358 587 594
test_Nagakute_00163.jpg,1 27 316 185 413
test_Nagakute_00164.jpg,1 430 434 598 596 2 223 316 307 540
test_Nagakute_00165.jpg,5 69 377 519 564
test_Nagakute_00166.jpg,2 198 366 279 584
test_Nagakute_00167.jpg,1 289 348 404 572 2 278 319 369 543 8 33 241 278 564 8 305 252 549 580 8 0 280 206 477
test_Nagakute_00168.jpg,8 4 329 141 482
test_Nagakute_00169.jpg,2 289 416 373 588
test_Nagakute_00170.jpg,8 16 328 443 600
test_Nagakute_00171.jpg,1 17 334 270 579 5 17 334 270 579
test_Nagakute_00172.jpg,2 244 325 321 548
test_Nagakute_00173.jpg,7 67 391 517 564
test_Nagakute_00174.jpg,7 90 459 540 600
test_Nagakute_00175.jpg,5 58 361 506 599
test_Nagakute_00176.jpg,1 130 409 234 585 1 404 421 549 600 8 30 348 283 567
test_Nagakute_00177.jpg,5 94 336 542 597
test_Nagakute_00178.jpg,1 174 387 308 593 5 39 379 358 600 8 16 404 191 595 8 406 426 600 576 8 185 375 577 590
test_Nagakute_00179.jpg,8 199 394 591 568
test_Nagakute_00180.jpg,2 72 331 246 600 5 266 368 556 584
test_Nagakute_00181.jpg,5 93 351 539 600
test_Nagakute_00182.jpg,8 308 343 581 584
test_Nagakute_00183.jpg,1 204 443 289 558 8 173 380 267 458
test_Nagakute_00184.jpg,2 286 363 530 593 8 39 369 218 597
test_Nagakute_00185.jpg,5 214 348 567 587
test_Nagakute_00186.jpg,1 217 435 313 600 2 285 370 525 590
test_Nagakute_00187.jpg,2 173 377 297 592 2 177 363 255 505 5 257 405 476 600
test_Nagakute_00188.jpg,8 257 352 528 600
test_Nagakute_00189.jpg,8 276 389 593 568 8 408 454 600 568
test_Nagakute_00190.jpg,1 59 314 228 582
test_Nagakute_00191.jpg,1 34 440 159 577 2 34 440 159 577 8 34 440 159 577
test_Nagakute_00192.jpg,1 207 387 329 595 8 351 342 600 592
test_Nagakute_00193.jpg,2 367 358 553 591 8 3 371 228 599
test_Nagakute_00194.jpg,2 190 354 304 578
test_Nagakute_00195.jpg,7 40 357 479 599 8 40 357 479 599
test_Nagakute_00196.jpg,1 203 385 283 466 8 5 326 167 462
test_Nagakute_00197.jpg,
test_Nagakute_00198.jpg,1 247 372 322 587 2 247 372 322 587
test_Nagakute_00199.jpg,2 325 298 563 588
test_Nagakute_00200.jpg,
test_Nagakute_00201.jpg,8 12 395 170 591 8 282 386 545 587
test_Nagakute_00202.jpg,5 274 355 587 599 8 274 355 587 599
test_Nagakute_00203.jpg,1 17 413 183 595 5 17 413 183 595 8 283 324 587 598
test_Nagakute_00204.jpg,7 74 463 524 600
test_Nagakute_00205.jpg,1 296 383 426 590
test_Nagakute_00206.jpg,8 13 341 182 456
test_Nagakute_00207.jpg,2 315 254 519 595
test_Nagakute_00208.jpg,1 44 420 136 585 8 315 485 438 588
test_Nagakute_00209.jpg,5 286 505 479 584 8 168 497 318 592
test_Nagakute_00210.jpg,
test_Nagakute_00211.jpg,
test_Nagakute_00212.jpg,2 186 317 263 538 5 222 360 588 580
test_Nagakute_00213.jpg,1 393 411 581 595 2 378 369 571 594 8 0 353 197 564
test_Nagakute_00214.jpg,2 41 292 225 579 8 241 296 434 418
test_Nagakute_00215.jpg,1 24 423 159 582 1 335 364 427 457 1 41 341 231 555 8 0 326 152 500
test_Nagakute_00216.jpg,7 74 454 524 600 7 180 496 404 571
test_Nagakute_00217.jpg,1 184 392 289 596
test_Nagakute_00218.jpg,2 214 320 298 541
test_Nagakute_00219.jpg,8 240 318 578 591
test_Nagakute_00220.jpg,2 279 328 499 593
test_Nagakute_00221.jpg,1 417 440 581 588
test_Nagakute_00222.jpg,
test_Nagakute_00223.jpg,8 130 374 557 584
test_Nagakute_00224.jpg,1 264 388 356 563 2 44 362 165 483 2 240 388 320 582
test_Nagakute_00225.jpg,7 111 326 560 489
test_Nagakute_00226.jpg,1 23 329 139 488 8 286 323 536 600 8 23 329 139 488
test_Nagakute_00227.jpg,5 107 354 546 588
test_Nagakute_00228.jpg,5 13 360 383 600
test_Nagakute_00229.jpg,2 234 370 315 588 5 292 375 565 597
test_Nagakute_00230.jpg,2 283 353 394 576 5 53 346 325 596
test_Nagakute_00231.jpg,2 285 325 361 543 8 38 327 268 564 8 353 324 541 574
test_Nagakute_00232.jpg,2 272 385 480 598 5 52 377 466 598
test_Nagakute_00233.jpg,1 354 365 480 575 2 348 341 538 599
test_Nagakute_00234.jpg,2 242 352 318 576
test_Nagakute_00235.jpg,1 284 466 468 569 8 0 324 189 480
test_Nagakute_00236.jpg,1 280 396 407 600 1 234 408 335 587 8 302 358 550 587
test_Nagakute_00237.jpg,1 151 361 230 475 1 179 397 260 551 8 25 312 182 497
test_Nagakute_00238.jpg,3 180 500 405 576 3 135 373 577 548 4 69 371 518 536
test_Nagakute_00239.jpg,1 239 425 318 570
test_Nagakute_00240.jpg,8 341 326 600 559
test_Nagakute_00241.jpg,1 296 358 375 576 2 296 358 375 576 8 7 348 256 592
test_Nagakute_00242.jpg,2 302 362 442 583 2 25 381 215 585
test_Nagakute_00243.jpg,1 143 493 224 579 1 363 459 460 582 8 363 459 460 582
test_Nagakute_00244.jpg,1 294 381 398 555 1 282 386 364 494 8 0 319 207 492
test_Nagakute_00245.jpg,2 159 350 238 574 8 17 321 177 463 8 263 337 579 596
test_Nagakute_00246.jpg,2 248 355 328 578
test_Nagakute_00247.jpg,8 4 304 260 580 8 348 322 579 588
test_Nagakute_00248.jpg,8 229 300 584 594
test_Nagakute_00249.jpg,2 158 370 237 589
test_Nagakute_00250.jpg,7 66 400 515 577
test_Nagakute_00251.jpg,8 331 282 600 577
test_Nagakute_00252.jpg,8 264 329 577 582
test_Nagakute_00253.jpg,1 357 478 452 599
test_Nagakute_00254.jpg,1 215 453 319 564 8 3 322 213 490
test_Nagakute_00255.jpg,5 32 354 406 596
test_Nagakute_00256.jpg,1 330 494 414 579 1 432 479 573 576 8 432 479 573 576
test_Nagakute_00257.jpg,5 329 301 553 591 8 108 275 308 600 8 130 353 245 577
test_Nagakute_00258.jpg,1 326 452 457 538
test_Nagakute_00259.jpg,1 358 388 447 582 1 319 384 398 493 8 0 335 209 578
test_Nagakute_00260.jpg,2 217 359 533 593 5 51 366 304 582
test_Nagakute_00261.jpg,1 10 329 191 552 1 192 354 296 433 1 296 361 406 444 8 5 313 200 512
test_Nagakute_00262.jpg,1 263 368 434 568 8 19 329 180 453
test_Nagakute_00263.jpg,1 304 357 397 488 1 218 342 303 492 8 338 327 548 575
test_Nagakute_00264.jpg,5 22 306 357 591
test_Nagakute_00265.jpg,2 165 326 248 508
test_Nagakute_00266.jpg,1 192 357 273 478 1 19 329 170 484 1 203 399 287 532
test_Nagakute_00267.jpg,5 425 391 600 582 8 6 311 222 591
test_Nagakute_00268.jpg,8 62 271 251 596
test_Nagakute_00269.jpg,5 155 391 346 478
test_Nagakute_00270.jpg,1 200 369 280 467 1 217 392 309 562 1 42 332 235 544 1 22 433 150 556 1 253 381 404 559
test_Nagakute_00271.jpg,1 429 436 577 592 1 321 409 424 600 8 60 310 230 599
test_Nagakute_00272.jpg,1 461 393 584 584
test_Nagakute_00273.jpg,1 296 303 551 581 2 221 317 304 542 5 296 303 551 581
test_Nagakute_00274.jpg,5 32 406 470 592
test_Numazu_00001.jpg,5 33 406 412 600 5 6 434 206 576 5 388 464 580 591 8 159 449 282 571
test_Numazu_00002.jpg,5 20 436 224 600
test_Numazu_00003.jpg,7 74 413 524 578
test_Numazu_00004.jpg,1 161 479 304 590 1 308 497 478 582
test_Numazu_00005.jpg,5 128 498 351 600 6 128 498 351 600
test_Numazu_00006.jpg,1 292 497 408 600
test_Numazu_00007.jpg,2 340 380 570 568 2 334 373 463 449
test_Numazu_00008.jpg,1 9 404 134 587 1 177 443 268 600
test_Numazu_00009.jpg,5 53 333 434 598
test_Numazu_00010.jpg,2 309 317 393 522 8 32 305 220 587 8 334 324 557 560
test_Numazu_00011.jpg,5 63 350 512 592
test_Numazu_00012.jpg,8 6 308 120 463
test_Numazu_00013.jpg,2 171 305 254 528
test_Numazu_00014.jpg,5 117 456 335 580
test_Numazu_00015.jpg,5 19 344 427 600
test_Numazu_00016.jpg,2 293 314 476 591
test_Numazu_00017.jpg,8 265 386 600 563
test_Numazu_00018.jpg,7 81 407 531 578
test_Numazu_00019.jpg,8 292 406 509 590 8 20 437 173 564
test_Numazu_00020.jpg,5 45 391 258 596
test_Numazu_00021.jpg,2 34 312 192 507 5 124 362 561 575 8 272 365 372 451
test_Numazu_00022.jpg,5 338 349 597 591
test_Numazu_00023.jpg,2 302 328 384 426 8 23 340 174 453
test_Numazu_00024.jpg,2 187 327 264 531 8 333 275 600 568 8 3 293 208 466
test_Numazu_00025.jpg,1 209 369 289 587 1 333 353 541 593 2 209 369 289 587 2 338 370 437 583 5 333 353 541 593
test_Numazu_00026.jpg,1 285 331 374 511
test_Numazu_00027.jpg,2 178 337 265 548
test_Numazu_00028.jpg,2 217 360 299 577 5 263 366 557 588
test_Numazu_00029.jpg,5 64 393 514 599
test_Numazu_00030.jpg,5 181 306 315 521 8 181 306 315 521
test_Numazu_00031.jpg,2 149 306 226 530 2 172 353 252 576 5 314 307 587 581 8 47 271 232 581
test_Numazu_00032.jpg,1 140 347 228 470 8 335 306 600 575
test_Numazu_00033.jpg,5 126 351 567 577
test_Numazu_00034.jpg,5 144 379 561 587
test_Numazu_00035.jpg,2 261 382 368 580 8 49 285 241 598
test_Numazu_00036.jpg,1 24 322 201 584 8 313 322 562 594
test_Numazu_00037.jpg,1 31 442 139 600 2 31 442 139 600 5 403 472 600 593
test_Numazu_00038.jpg,5 136 409 560 600
test_Numazu_00039.jpg,2 336 421 478 548 8 9 438 201 553
test_Numazu_00040.jpg,8 23 268 224 581 8 331 280 600 538
test_Numazu_00041.jpg,2 301 364 390 580 2 14 329 215 553
test_Numazu_00042.jpg,2 244 352 322 573
test_Numazu_00043.jpg,2 302 415 380 598 8 297 403 575 574
test_Numazu_00044.jpg,2 113 262 273 595 8 403 301 600 476
test_Numazu_00045.jpg,1 272 415 403 584 2 69 355 240 592
test_Numazu_00046.jpg,2 274 346 357 570
test_Numazu_00047.jpg,2 331 290 520 600
test_Numazu_00048.jpg,7 52 350 502 506
test_Numazu_00049.jpg,2 37 282 207 579 8 419 302 600 485
test_Numazu_00050.jpg,7 73 416 523 581
test_Numazu_00051.jpg,5 67 396 517 584 7 86 362 536 569 7 295 322 519 397
test_Numazu_00052.jpg,1 126 390 222 573
test_Numazu_00053.jpg,8 368 357 574 590
test_Numazu_00054.jpg,2 237 358 321 580 8 301 384 566 584
test_Numazu_00055.jpg,2 268 387 485 600
test_Numazu_00056.jpg,7 83 387 533 572
test_Numazu_00057.jpg,5 242 379 576 593 5 27 368 292 600 8 27 368 292 600 8 415 449 598 589 8 242 379 576 593
test_Numazu_00058.jpg,2 124 388 287 600 5 62 393 305 591
test_Numazu_00059.jpg,7 73 393 523 566
test_Numazu_00060.jpg,5 54 414 502 600
test_Numazu_00061.jpg,1 312 484 429 585 1 445 466 554 576 3 137 360 345 436
test_Numazu_00062.jpg,5 150 357 579 599 8 290 355 369 447
test_Numazu_00063.jpg,5 25 344 457 593
test_Numazu_00064.jpg,1 173 403 280 600 2 173 403 280 600
test_Numazu_00065.jpg,1 296 297 378 513 2 296 297 378 513
test_Numazu_00066.jpg,2 271 293 456 518
test_Numazu_00067.jpg,5 337 341 575 587 8 7 297 211 559
test_Numazu_00068.jpg,1 434 435 573 600 1 134 393 265 586
test_Numazu_00069.jpg,1 461 456 567 591 2 461 456 567 591 2 190 387 275 466
test_Numazu_00070.jpg,8 274 396 420 586
test_Numazu_00071.jpg,8 41 315 217 583 8 406 303 586 419
test_Numazu_00072.jpg,8 149 307 242 393 8 334 310 445 391 8 286 227 367 315
test_Numazu_00073.jpg,7 74 430 524 588
test_Numazu_00074.jpg,2 309 331 508 592
test_Numazu_00075.jpg,5 19 359 272 595
test_Numazu_00076.jpg,2 271 337 375 419
test_Numazu_00077.jpg,1 282 376 433 584
test_Numazu_00078.jpg,5 158 398 353 596 8 158 398 353 596
test_Numazu_00079.jpg,8 309 417 568 592
test_Numazu_00080.jpg,2 201 363 286 582 8 282 377 477 592
test_Numazu_00081.jpg,1 311 380 400 568 1 290 362 376 492 8 24 269 219 586 8 406 353 600 469
test_Numazu_00082.jpg,1 297 460 395 578 8 28 365 219 597
test_Numazu_00083.jpg,5 28 343 356 586 8 196 323 562 598
test_Numazu_00084.jpg,1 138 459 240 567
test_Numazu_00085.jpg,5 170 370 572 571
test_Numazu_00086.jpg,1 296 423 407 550 2 29 341 198 578 2 225 356 309 495 8 29 341 198 578 8 311 370 580 573
test_Numazu_00087.jpg,2 213 336 503 599 5 5 367 368 596
test_Numazu_00088.jpg,5 289 365 570 592 8 2 328 235 598 8 412 465 580 591 8 289 365 570 592
test_Numazu_00089.jpg,5 296 407 512 600
test_Numazu_00090.jpg,2 299 368 398 582 3 170 471 394 550
test_Numazu_00091.jpg,1 181 383 281 586 8 29 306 229 580 8 353 309 600 545
test_Numazu_00092.jpg,1 129 381 232 598 2 129 381 232 598
test_Numazu_00093.jpg,1 43 458 149 556 2 185 368 263 444 2 43 458 149 556
test_Numazu_00094.jpg,2 167 342 284 420
test_Numazu_00095.jpg,1 259 384 412 592 5 43 359 426 599 5 259 384 412 592
test_Numazu_00096.jpg,8 2 316 207 568 8 304 359 435 440
test_Numazu_00097.jpg,1 160 421 292 597 5 160 421 292 597
test_Numazu_00098.jpg,5 146 405 341 600 5 228 444 448 600
test_Numazu_00099.jpg,5 138 485 359 600 6 138 485 359 600
test_Numazu_00100.jpg,2 349 452 463 600
test_Numazu_00101.jpg,2 295 330 447 555
test_Numazu_00102.jpg,5 143 357 570 598
test_Numazu_00103.jpg,1 195 406 306 570
test_Numazu_00104.jpg,5 27 345 455 600 8 432 292 600 399
test_Numazu_00105.jpg,2 339 314 551 593
test_Numazu_00106.jpg,5 99 384 547 596
test_Numazu_00107.jpg,8 51 300 297 595 8 264 324 573 577
test_Numazu_00108.jpg,5 423 400 600 576
test_Numazu_00109.jpg,1 194 357 290 476
test_Numazu_00110.jpg,5 69 361 302 593 5 148 355 290 515
test_Numazu_00111.jpg,1 285 381 372 592 8 7 404 159 581
test_Numazu_00112.jpg,5 276 478 485 590 8 276 478 485 590 8 196 480 331 576
test_Numazu_00113.jpg,1 317 321 579 587 2 185 318 261 543 5 317 321 579 587
test_Numazu_00114.jpg,5 41 351 427 588
test_Numazu_00115.jpg,1 186 286 264 500 1 92 299 263 557
test_Numazu_00116.jpg,1 204 372 291 571
test_Numazu_00117.jpg,2 215 367 297 464
test_Numazu_00118.jpg,2 206 326 282 551 8 319 287 576 579
test_Numazu_00119.jpg,2 311 352 521 596
test_Numazu_00120.jpg,5 215 351 419 574
test_Numazu_00121.jpg,1 335 408 435 550 8 16 355 238 566 8 302 371 387 476
test_Numazu_00122.jpg,1 1 444 152 567
test_Numazu_00123.jpg,5 230 402 443 553
test_Numazu_00124.jpg,2 290 327 403 548 2 338 287 527 593 8 338 287 527 593
test_Numazu_00125.jpg,7 88 425 538 585
test_Numazu_00126.jpg,2 189 391 266 598
test_Numazu_00127.jpg,1 178 447 308 590 5 153 416 575 593
test_Numazu_00128.jpg,2 36 358 398 594 5 36 358 398 594 5 222 415 443 574
test_Numazu_00129.jpg,1 303 417 456 572 5 132 380 562 570
test_Numazu_00130.jpg,2 319 381 436 571 5 26 407 355 593
test_Numazu_00131.jpg,5 19 356 315 594
test_Numazu_00132.jpg,5 51 346 496 595
test_Numazu_00133.jpg,2 334 435 430 554 2 196 386 284 464 4 150 442 356 524
test_Numazu_00134.jpg,8 18 267 216 563 8 339 277 600 533
test_Numazu_00135.jpg,1 170 396 281 586 1 88 330 275 561 2 42 335 162 497
test_Numazu_00136.jpg,2 121 365 220 575
test_Numazu_00137.jpg,1 192 367 286 588 1 238 343 581 582 5 238 343 581 582
test_Numazu_00138.jpg,5 72 404 522 599
test_Numazu_00139.jpg,1 449 452 580 573 2 46 377 225 566 2 449 452 580 573
test_Numazu_00140.jpg,
test_Numazu_00141.jpg,2 240 357 321 580 5 286 341 561 600 8 286 341 561 600
test_Numazu_00142.jpg,3 168 492 390 568 8 0 280 217 471
test_Numazu_00143.jpg,1 345 363 458 579 8 24 306 178 493
test_Numazu_00144.jpg,1 25 329 267 581 5 25 329 267 581 8 287 309 549 586
test_Numazu_00145.jpg,2 310 316 501 600
test_Numazu_00146.jpg,2 313 331 502 600
test_Numazu_00147.jpg,5 19 430 412 600
test_Numazu_00148.jpg,2 41 369 145 587
test_Numazu_00149.jpg,5 70 402 520 600
test_Numazu_00150.jpg,5 134 348 573 579
test_Numazu_00151.jpg,8 353 370 484 584
test_Numazu_00152.jpg,1 224 491 321 591 1 266 489 361 579
test_Numazu_00153.jpg,8 325 330 594 585 8 72 343 302 567 8 0 327 193 439
test_Numazu_00154.jpg,7 56 403 506 573 8 56 403 506 573
test_Numazu_00155.jpg,8 0 306 182 512 8 303 322 566 590
test_Numazu_00156.jpg,2 188 412 303 556 2 199 398 291 479 8 301 345 587 565
test_Numazu_00157.jpg,1 183 453 287 570 5 6 420 410 596
test_Numazu_00158.jpg,2 311 270 494 600
test_Numazu_00159.jpg,2 296 297 436 449 2 53 336 240 578 5 296 297 436 449
test_Numazu_00160.jpg,7 84 415 534 577
test_Numazu_00161.jpg,8 327 306 600 565
test_Numazu_00162.jpg,1 286 357 379 492 8 8 301 214 566 8 378 326 593 468
test_Numazu_00163.jpg,5 150 350 568 592
test_Numazu_00164.jpg,1 206 318 287 541 1 17 312 166 505 8 319 278 583 563
test_Numazu_00165.jpg,1 21 306 203 568 2 21 306 203 568
test_Numazu_00166.jpg,2 52 374 153 584 8 48 333 148 530
test_Numazu_00167.jpg,7 74 418 524 586
test_Numazu_00168.jpg,8 235 286 571 591 8 21 300 149 443
test_Numazu_00169.jpg,5 29 318 218 585
test_Numazu_00170.jpg,7 89 369 538 530
test_Numazu_00171.jpg,5 112 341 324 463
test_Numazu_00172.jpg,1 204 323 284 490 8 355 282 600 570
test_Numazu_00173.jpg,2 155 327 241 495 2 94 337 278 569
test_Numazu_00174.jpg,5 246 312 600 577 8 61 284 302 589
test_Numazu_00175.jpg,1 176 458 255 573 8 296 422 508 594 8 20 375 210 562
test_Numazu_00176.jpg,2 333 298 535 593 2 203 361 328 585
test_Numazu_00177.jpg,5 256 452 461 583
test_Numazu_00178.jpg,5 153 489 362 599
test_Numazu_00179.jpg,5 150 388 349 596
test_Numazu_00180.jpg,8 298 416 517 592
test_Numazu_00181.jpg,2 306 285 514 585 2 270 355 394 578 5 46 333 324 581
test_Numazu_00182.jpg,1 258 399 438 600 1 27 455 186 591 5 258 399 438 600
test_Numazu_00183.jpg,5 28 352 466 595
test_Numazu_00184.jpg,
test_Numazu_00185.jpg,1 158 413 281 600 8 23 348 222 588 8 310 341 594 565 8 422 410 600 576
test_Numazu_00186.jpg,5 144 379 583 589 5 241 345 449 421
test_Numazu_00187.jpg,1 344 442 462 561
test_Numazu_00188.jpg,
test_Numazu_00189.jpg,5 130 340 574 593
test_Numazu_00190.jpg,2 271 348 556 572 2 167 357 268 467 2 401 450 578 590 5 167 357 268 467
test_Numazu_00191.jpg,1 237 362 437 582 5 237 362 437 582
test_Numazu_00192.jpg,1 363 337 577 584 5 363 337 577 584
test_Numazu_00193.jpg,1 11 410 150 584 8 338 285 600 566
test_Numazu_00194.jpg,1 131 408 221 568 8 4 303 197 491 8 331 348 546 597
test_Numazu_00195.jpg,2 185 423 323 598 5 0 403 350 590 5 0 452 219 578
test_Numazu_00196.jpg,1 11 303 176 487 8 275 255 577 585
test_Numazu_00197.jpg,
test_Numazu_00198.jpg,5 154 345 573 571
test_Numazu_00199.jpg,8 357 332 600 579
test_Numazu_00200.jpg,2 187 329 267 554 5 201 329 582 580
test_Numazu_00201.jpg,2 340 490 419 580 2 439 480 545 571
test_Numazu_00202.jpg,8 428 468 581 592 8 322 361 558 577
test_Numazu_00203.jpg,5 153 346 567 600
test_Numazu_00204.jpg,5 55 372 501 558 8 3 321 193 441 8 173 364 252 440
test_Numazu_00205.jpg,5 124 459 345 600 5 17 469 239 586
test_Numazu_00206.jpg,2 15 324 171 447
test_Numazu_00207.jpg,1 454 436 569 594 7 140 327 351 406 7 276 318 463 394 8 25 355 388 566 8 140 327 351 406
test_Numazu_00208.jpg,1 288 401 382 562 1 239 393 317 561 8 312 394 389 475 8 288 401 382 562
test_Numazu_00209.jpg,1 339 398 434 583 2 339 398 434 583
test_Numazu_00210.jpg,2 140 451 242 600 2 58 451 184 600
test_Numazu_00211.jpg,5 0 443 211 598
test_Numazu_00212.jpg,8 319 409 570 595
test_Numazu_00213.jpg,5 5 333 345 564 8 410 337 595 506
test_Numazu_00214.jpg,3 255 459 478 546 5 34 352 461 589
test_Numazu_00215.jpg,5 155 302 582 580 8 0 266 198 470 8 36 272 439 563
test_Numazu_00216.jpg,1 82 336 271 598 5 82 336 271 598 5 240 328 591 571
test_Numazu_00217.jpg,2 206 415 304 563 5 253 411 584 591
test_Numazu_00218.jpg,2 287 395 414 559 4 65 374 513 548
test_Numazu_00219.jpg,5 106 334 554 590
test_Numazu_00220.jpg,5 250 330 569 575
test_Numazu_00221.jpg,2 275 357 358 575
test_Numazu_00222.jpg,
test_Numazu_00223.jpg,2 315 444 402 600
test_Numazu_00224.jpg,5 109 393 549 594
test_Numazu_00225.jpg,5 161 346 559 596
test_Numazu_00226.jpg,2 203 326 279 542 8 308 331 400 416
test_Numazu_00227.jpg,5 91 375 540 600 8 55 381 503 600
test_Numazu_00228.jpg,1 284 413 363 560 8 287 397 363 487 8 215 421 335 553
test_Numazu_00229.jpg,2 0 305 122 515
test_Numazu_00230.jpg,2 245 340 530 593 8 32 323 275 578
test_Numazu_00231.jpg,5 50 374 497 598
test_Numazu_00232.jpg,2 262 331 384 556 2 278 264 460 593
test_Numazu_00233.jpg,1 190 366 295 581 8 319 318 600 567
test_Numazu_00234.jpg,
test_Numazu_00235.jpg,2 208 323 287 546 8 331 302 582 581
test_Numazu_00236.jpg,5 46 355 476 599
test_Numazu_00237.jpg,5 160 448 381 587 5 51 413 469 596
test_Numazu_00238.jpg,2 315 327 519 600 8 315 327 519 600
test_Numazu_00239.jpg,5 163 480 380 580 5 284 440 489 580
test_Numazu_00240.jpg,2 235 380 444 599
test_Numazu_00241.jpg,2 277 330 365 555
test_Numazu_00242.jpg,5 285 330 592 578 8 93 296 293 598
test_Numazu_00243.jpg,1 181 357 275 453 8 0 285 204 498
test_Numazu_00244.jpg,2 267 374 345 595
test_Numazu_00245.jpg,2 184 331 275 555
test_Numazu_00246.jpg,5 227 402 582 599
test_Numazu_00247.jpg,5 105 499 325 585
test_Numazu_00248.jpg,2 220 352 301 575
test_Numazu_00249.jpg,2 316 375 519 596
test_Numazu_00250.jpg,2 80 341 249 580 2 162 340 294 509 2 297 355 570 571 2 413 446 586 561 3 297 447 520 528
test_Numazu_00251.jpg,8 340 440 479 566
test_Numazu_00252.jpg,5 19 500 233 588
test_Numazu_00253.jpg,2 327 296 530 598
test_Numazu_00254.jpg,1 16 411 179 598 5 16 411 179 598
test_Numazu_00255.jpg,8 324 360 423 576
test_Numazu_00256.jpg,5 29 352 472 595
test_Numazu_00257.jpg,5 137 365 360 440
test_Numazu_00258.jpg,1 156 334 242 411
test_Numazu_00259.jpg,1 330 466 423 594 1 421 458 546 568
test_Numazu_00260.jpg,1 199 399 303 593 1 259 417 382 586 2 199 399 303 593
test_Numazu_00261.jpg,2 45 309 210 587
test_Numazu_00262.jpg,1 34 345 157 461 1 35 427 152 571 1 157 384 276 591 8 330 319 580 582 8 157 384 276 591
test_Numazu_00263.jpg,5 217 410 440 590 8 162 351 247 443
test_Numazu_00264.jpg,8 297 311 394 509
test_Numazu_00265.jpg,2 320 355 525 599 8 15 378 233 596
test_Numazu_00266.jpg,1 225 472 307 582 2 225 472 307 582
test_Numazu_00267.jpg,
test_Numazu_00268.jpg,8 158 391 291 589
test_Numazu_00269.jpg,5 42 351 487 590
test_Numazu_00270.jpg,7 404 453 590 555 7 152 436 594 588
test_Numazu_00271.jpg,8 344 312 581 580
test_Numazu_00272.jpg,8 286 331 385 483
test_Numazu_00273.jpg,
test_Numazu_00274.jpg,2 228 376 572 585 5 156 491 380 592
test_Numazu_00275.jpg,2 319 332 396 557
test_Numazu_00276.jpg,7 77 370 527 547
test_Numazu_00277.jpg,2 214 429 317 541 8 331 383 570 583
test_Numazu_00278.jpg,1 150 308 227 402 2 150 308 227 402
test_Numazu_00279.jpg,2 39 427 179 579 2 312 444 467 571 8 312 444 467 571
test_Numazu_00280.jpg,2 268 352 349 575
test_Numazu_00281.jpg,5 24 338 248 588
test_Numazu_00282.jpg,5 30 442 213 596
test_Numazu_00283.jpg,1 89 401 288 588 5 81 361 277 599
test_Numazu_00284.jpg,2 239 346 317 570
test_Numazu_00285.jpg,2 153 387 245 598 5 252 378 600 590 8 153 387 245 598
test_Numazu_00286.jpg,2 323 459 456 568 5 10 371 336 588
test_Numazu_00287.jpg,1 37 433 156 590 2 37 433 156 590
test_Numazu_00288.jpg,1 291 444 429 600 5 291 444 429 600
test_Numazu_00289.jpg,5 152 382 585 596
test_Numazu_00290.jpg,1 468 471 579 577 7 113 313 561 485 8 183 313 312 422
test_Numazu_00291.jpg,1 150 424 324 591 5 150 424 324 591
test_Numazu_00292.jpg,2 317 297 544 585
test_Numazu_00293.jpg,5 218 328 550 591
test_Numazu_00294.jpg,1 149 365 254 581 8 10 297 192 464 8 309 334 599 570 8 59 334 257 575
test_Numazu_00295.jpg,1 317 379 400 577 2 317 379 400 577 2 12 415 133 564 8 20 362 169 478 8 303 383 382 492
test_Numazu_00296.jpg,5 77 402 286 585
test_Numazu_00297.jpg,5 237 423 458 600 6 237 423 458 600
test_Numazu_00298.jpg,1 119 438 281 572 1 38 355 239 566 8 3 312 173 492 8 313 342 584 589
test_Numazu_00299.jpg,1 340 391 493 574
test_Numazu_00300.jpg,2 194 432 306 593 2 287 443 423 557
test_Numazu_00301.jpg,2 272 301 495 597 5 20 344 350 590
test_Numazu_00302.jpg,1 426 461 552 600 2 22 337 121 525
test_Numazu_00303.jpg,2 23 375 127 494 2 14 340 210 539
test_Numazu_00304.jpg,8 270 256 599 589
test_Numazu_00305.jpg,5 0 398 318 589 5 26 443 195 579
test_Numazu_00306.jpg,1 209 343 286 469 8 18 315 206 486 8 402 298 600 467
test_Numazu_00307.jpg,1 199 339 306 447 8 0 282 222 540 8 295 307 572 548
test_Numazu_00308.jpg,5 32 403 326 596
test_Numazu_00309.jpg,
test_Numazu_00310.jpg,2 300 366 402 580
test_Numazu_00311.jpg,5 142 396 569 600
test_Numazu_00312.jpg,5 63 327 259 597
test_Numazu_00313.jpg,
test_Numazu_00314.jpg,2 219 407 340 569
test_Numazu_00315.jpg,1 302 381 426 584 8 336 337 571 583 8 0 306 170 484
test_Numazu_00316.jpg,5 31 356 473 568
test_Numazu_00317.jpg,2 335 386 546 587
test_Numazu_00318.jpg,2 176 380 268 597 2 319 408 432 587 8 69 390 244 595
test_Numazu_00319.jpg,
test_Numazu_00320.jpg,2 33 351 192 583 2 352 350 571 578
test_Numazu_00321.jpg,7 79 301 529 542
test_Numazu_00322.jpg,
test_Numazu_00323.jpg,7 84 327 534 500
test_Numazu_00324.jpg,5 195 387 583 581 8 29 374 414 590
test_Numazu_00325.jpg,1 29 435 177 594 5 29 435 177 594
test_Numazu_00326.jpg,5 333 318 594 592 8 381 296 600 485
test_Numazu_00327.jpg,
test_Numazu_00328.jpg,8 310 340 571 588 8 0 337 178 456 8 48 362 308 560
test_Numazu_00329.jpg,1 203 305 312 505 1 239 335 405 437 8 42 287 246 569 8 357 290 600 542
test_Numazu_00330.jpg,1 266 401 368 600 5 46 355 318 595
test_Numazu_00331.jpg,8 29 336 205 587
test_Numazu_00332.jpg,2 327 332 407 479 7 96 394 544 552
test_Numazu_00333.jpg,7 73 436 523 600
test_Numazu_00334.jpg,1 234 450 319 572
test_Numazu_00335.jpg,2 211 363 291 586 5 286 345 580 585
test_Numazu_00336.jpg,8 318 347 578 593 8 50 352 230 584
test_Numazu_00337.jpg,2 191 436 278 574 8 314 449 463 596 8 28 381 206 594 8 378 487 561 578
test_Numazu_00338.jpg,8 269 485 475 574
test_Numazu_00339.jpg,8 308 253 600 569 8 18 266 237 548
test_Numazu_00340.jpg,5 289 368 556 595 8 0 413 170 583
test_Numazu_00341.jpg,2 175 327 284 500 5 55 329 440 582
test_Numazu_00342.jpg,1 154 422 254 600 1 91 358 350 586
test_Numazu_00343.jpg,7 74 399 524 586
test_Numazu_00344.jpg,5 23 436 470 597 7 23 436 470 597 8 35 468 191 571 8 125 468 299 567
test_Numazu_00345.jpg,
test_Numazu_00346.jpg,7 73 461 523 600
test_Numazu_00347.jpg,2 122 403 215 569
test_Numazu_00348.jpg,1 193 482 349 581 8 424 439 594 590 8 179 396 584 575
test_Numazu_00349.jpg,7 138 318 358 398 8 138 318 358 398 8 15 317 211 458
test_Numazu_00350.jpg,2 295 355 374 575
test_Numazu_00351.jpg,5 56 372 501 582
test_Numazu_00352.jpg,5 50 408 470 600
test_Numazu_00353.jpg,2 287 298 490 594
test_Numazu_00354.jpg,1 154 426 253 583 5 36 363 315 574 8 18 308 178 505 8 36 363 315 574 8 154 426 253 583
test_Numazu_00355.jpg,1 223 424 308 577 2 223 424 308 577
test_Numazu_00356.jpg,5 103 406 551 600
test_Numazu_00357.jpg,8 300 373 559 591
test_Numazu_00358.jpg,2 215 416 297 560 8 174 386 251 481
test_Numazu_00359.jpg,5 115 407 563 600
test_Numazu_00360.jpg,1 170 338 248 514 8 332 312 589 579 8 6 293 193 494
test_Numazu_00361.jpg,8 444 331 585 455 8 198 327 290 423
test_Numazu_00362.jpg,2 231 351 320 575
test_Numazu_00363.jpg,2 170 320 252 539 3 272 449 479 543
test_Numazu_00364.jpg,2 247 380 468 600 8 6 431 185 575
test_Numazu_00365.jpg,7 154 325 377 401 8 173 351 590 550
test_Numazu_00366.jpg,8 206 315 560 520 8 449 415 600 562
test_Numazu_00367.jpg,
test_Numazu_00368.jpg,5 1 343 321 582 8 247 331 558 590 8 1 343 321 582 8 0 304 189 490
test_Numazu_00369.jpg,8 237 347 317 503 8 337 338 566 571 8 4 325 175 450 8 271 367 353 480
test_Numazu_00370.jpg,2 246 355 322 568 8 235 340 314 541
test_Numazu_00371.jpg,5 8 344 410 592
test_Numazu_00372.jpg,2 132 304 320 599 2 141 356 240 578 5 285 331 574 593
test_Numazu_00373.jpg,7 60 324 509 497
test_Numazu_00374.jpg,5 10 311 254 591
test_Numazu_00375.jpg,5 235 481 418 579
test_Numazu_00376.jpg,5 42 386 464 600 8 127 410 306 590 8 227 433 438 600
test_Numazu_00377.jpg,2 60 340 250 595 2 444 407 576 594
test_Numazu_00378.jpg,1 21 329 223 559 8 308 293 592 573 8 0 302 155 498
test_Numazu_00379.jpg,2 226 358 308 459 2 283 373 367 456
test_Numazu_00380.jpg,7 82 387 531 567 8 285 336 404 418
test_Numazu_00381.jpg,2 228 339 307 506 2 30 344 156 465
test_Numazu_00382.jpg,7 110 345 559 507
test_Numazu_00383.jpg,2 378 299 549 586 2 438 395 571 597 2 290 368 409 588
test_Numazu_00384.jpg,7 109 328 557 493
test_Numazu_00385.jpg,5 47 336 238 591
test_Numazu_00386.jpg,8 320 325 600 581 8 29 317 169 513
test_Numazu_00387.jpg,1 225 406 343 573
test_Numazu_00388.jpg,1 52 286 237 600 5 52 286 237 600
test_Numazu_00389.jpg,5 111 343 558 591
test_Numazu_00390.jpg,5 73 405 299 600
test_Numazu_00391.jpg,5 0 372 365 598
test_Numazu_00392.jpg,2 278 349 360 572
test_Numazu_00393.jpg,2 393 280 577 463
test_Numazu_00394.jpg,5 145 361 571 597 8 125 386 254 599
test_Numazu_00395.jpg,2 154 400 246 585 2 311 433 430 564
test_Numazu_00396.jpg,2 293 419 369 600
test_Numazu_00397.jpg,2 238 366 316 587
test_Numazu_00398.jpg,5 342 375 434 465 5 173 360 288 436 8 342 375 434 465 8 0 315 193 447
test_Numazu_00399.jpg,5 14 317 323 568 5 294 330 578 567
test_Numazu_00400.jpg,2 269 373 359 591 2 181 370 313 586
test_Numazu_00401.jpg,1 142 409 230 562 8 360 363 572 594
test_Numazu_00402.jpg,2 187 326 267 543 2 25 314 146 511 3 260 466 483 547 3 276 373 463 455
test_Numazu_00403.jpg,1 189 365 272 449 8 337 305 600 575 8 2 321 188 453
test_Numazu_00404.jpg,5 187 355 566 595
test_Numazu_00405.jpg,8 304 254 600 568 8 0 264 157 448
test_Numazu_00406.jpg,2 40 324 227 594 5 303 349 548 597
test_Numazu_00407.jpg,8 206 339 588 573 8 24 359 441 575 8 25 324 171 457
test_Sumida_00001.jpg,2 349 448 435 531 8 419 452 578 554
test_Sumida_00002.jpg,2 308 405 385 525
test_Sumida_00003.jpg,2 196 405 296 543 2 6 394 307 566
test_Sumida_00004.jpg,8 394 435 589 576
test_Sumida_00005.jpg,7 110 447 560 598
test_Sumida_00006.jpg,1 150 459 325 557 5 150 459 325 557
test_Sumida_00007.jpg,8 0 436 183 575
test_Sumida_00008.jpg,2 272 388 347 532
test_Sumida_00009.jpg,8 339 428 512 552 8 15 456 204 569
test_Sumida_00010.jpg,2 237 388 313 539
test_Sumida_00011.jpg,8 318 426 497 569
test_Sumida_00012.jpg,2 377 427 480 567
test_Sumida_00013.jpg,2 396 415 587 585
test_Sumida_00014.jpg,7 70 420 520 575
test_Sumida_00015.jpg,8 323 398 505 574
test_Sumida_00016.jpg,2 234 424 310 537
test_Sumida_00017.jpg,1 198 448 297 536 8 347 441 438 537
test_Sumida_00018.jpg,8 442 474 591 570 8 298 472 375 573
test_Sumida_00019.jpg,7 107 448 556 600
test_Sumida_00020.jpg,2 197 403 276 518
test_Sumida_00021.jpg,2 303 430 378 521
test_Sumida_00022.jpg,7 120 401 569 561
test_Sumida_00023.jpg,2 281 400 357 482
test_Sumida_00024.jpg,2 216 388 293 539 2 241 402 316 486 8 321 385 453 551
test_Sumida_00025.jpg,2 348 382 431 539
test_Sumida_00026.jpg,2 301 450 384 535 2 181 448 295 532
test_Sumida_00027.jpg,2 236 439 316 557 2 296 445 392 550
test_Sumida_00028.jpg,2 385 399 470 547
test_Sumida_00029.jpg,1 380 425 458 528 2 380 425 458 528
test_Sumida_00030.jpg,8 353 403 563 587
test_Sumida_00031.jpg,7 163 425 592 584
test_Sumida_00032.jpg,7 74 460 524 600
test_Sumida_00033.jpg,2 349 407 429 520
test_Sumida_00034.jpg,7 89 416 539 570
test_Sumida_00035.jpg,2 339 394 417 544
test_Sumida_00036.jpg,
test_Sumida_00037.jpg,2 160 405 248 559
test_Sumida_00038.jpg,2 273 427 350 536
test_Sumida_00039.jpg,7 29 427 477 579
test_Sumida_00040.jpg,7 24 409 472 561
test_Sumida_00041.jpg,2 321 402 399 537
test_Sumida_00042.jpg,1 373 442 450 519 1 369 404 444 479 8 246 401 334 476
test_Sumida_00043.jpg,1 308 434 384 528 2 308 434 384 528
test_Sumida_00044.jpg,2 385 403 467 554
test_Sumida_00045.jpg,7 119 401 568 561
test_Sumida_00046.jpg,2 314 401 389 549
test_Sumida_00047.jpg,2 385 380 577 567
test_Sumida_00048.jpg,2 243 410 320 556 2 289 414 375 545
test_Sumida_00049.jpg,2 356 411 443 538 8 388 441 577 562
test_Sumida_00050.jpg,2 339 397 416 546
test_Sumida_00051.jpg,8 371 407 581 578
test_Sumida_00052.jpg,2 133 418 216 543
test_Sumida_00053.jpg,8 308 378 447 554
test_Sumida_00054.jpg,2 231 425 306 537
test_Sumida_00055.jpg,2 348 404 429 550 8 391 437 581 557
test_Sumida_00056.jpg,7 90 423 540 578
test_Sumida_00057.jpg,7 120 398 569 559
test_Sumida_00058.jpg,2 14 432 193 577 8 408 442 560 585
test_Sumida_00059.jpg,2 339 401 418 537
test_Sumida_00060.jpg,2 296 441 423 539
test_Sumida_00061.jpg,2 354 428 431 524 8 16 460 224 576 8 404 438 578 538
test_Sumida_00062.jpg,8 424 426 599 572
test_Sumida_00063.jpg,2 225 407 316 557 2 275 415 359 542
test_Sumida_00064.jpg,2 71 427 178 560
test_Sumida_00065.jpg,1 169 445 266 535 8 377 445 570 583
test_Sumida_00066.jpg,8 390 466 589 580
test_Sumida_00067.jpg,1 296 433 374 518
test_Sumida_00068.jpg,2 350 416 427 530
test_Sumida_00069.jpg,8 392 431 593 591
test_Sumida_00070.jpg,7 94 405 543 559
test_Sumida_00071.jpg,2 339 426 418 543 8 146 398 283 568
test_Sumida_00072.jpg,7 109 422 558 573 7 178 431 402 519
test_Sumida_00073.jpg,2 239 403 320 540
test_Sumida_00074.jpg,7 89 440 539 593
test_Sumida_00075.jpg,2 218 400 294 538
test_Sumida_00076.jpg,2 337 425 416 542
test_Sumida_00077.jpg,2 174 423 252 533
test_Sumida_00078.jpg,8 191 459 282 543
test_Sumida_00079.jpg,2 291 383 372 565
test_Sumida_00080.jpg,8 315 405 412 547
test_Sumida_00081.jpg,7 83 434 533 587
test_Sumida_00082.jpg,2 241 438 320 521
test_Sumida_00083.jpg,2 222 421 302 545 2 435 430 599 570
test_Sumida_00084.jpg,8 363 444 462 546 8 168 456 305 558
test_Sumida_00085.jpg,1 237 454 315 535 2 237 454 315 535
test_Sumida_00086.jpg,8 411 486 578 583
test_Sumida_00087.jpg,2 341 454 441 543
test_Sumida_00088.jpg,2 323 420 400 523
test_Sumida_00089.jpg,7 73 444 523 594
test_Sumida_00090.jpg,8 271 453 350 578
test_Sumida_00091.jpg,
test_Sumida_00092.jpg,2 374 455 452 545
test_Sumida_00093.jpg,1 438 464 579 577 2 142 449 255 557 2 438 464 579 577 8 142 449 255 557
test_Sumida_00094.jpg,2 146 400 233 546
test_Sumida_00095.jpg,2 180 421 266 514
test_Sumida_00096.jpg,2 230 438 313 565 8 413 448 592 585
test_Sumida_00097.jpg,7 64 431 514 582
test_Sumida_00098.jpg,7 59 426 508 577
test_Sumida_00099.jpg,2 184 432 265 543
test_Sumida_00100.jpg,2 271 421 347 525
test_Sumida_00101.jpg,2 318 436 395 535
test_Sumida_00102.jpg,2 308 442 387 541
test_Sumida_00103.jpg,7 105 449 555 600
test_Sumida_00104.jpg,2 330 421 410 540 8 423 448 576 558
test_Sumida_00105.jpg,2 322 433 403 551
test_Sumida_00106.jpg,8 403 398 600 567
test_Sumida_00107.jpg,
test_Sumida_00108.jpg,2 240 412 315 527
test_Sumida_00109.jpg,7 94 446 544 597
test_Sumida_00110.jpg,8 399 431 597 588
test_Sumida_00111.jpg,2 299 438 381 529 2 195 445 318 535
test_Sumida_00112.jpg,7 94 440 543 593
test_Sumida_00113.jpg,2 290 428 366 521
test_Sumida_00114.jpg,8 401 432 590 588
test_Sumida_00115.jpg,2 230 385 310 560 8 419 413 600 556
test_Sumida_00116.jpg,2 297 394 375 479 8 297 394 375 479
test_Sumida_00117.jpg,2 350 434 431 533 2 139 431 231 558 8 139 431 231 558
test_Sumida_00118.jpg,1 302 448 379 528
test_Sumida_00119.jpg,7 70 446 520 597
test_Sumida_00120.jpg,7 91 378 541 532
test_Sumida_00121.jpg,8 3 436 217 578
test_Sumida_00122.jpg,7 72 427 522 578
test_Sumida_00123.jpg,8 25 408 161 563
test_Sumida_00124.jpg,8 336 405 546 583
test_Sumida_00125.jpg,2 304 412 380 557
test_Sumida_00126.jpg,2 316 437 414 524
test_Sumida_00127.jpg,7 68 448 518 598
test_Sumida_00128.jpg,1 207 410 284 514 2 198 392 273 471 8 34 410 144 552
test_Sumida_00129.jpg,2 219 425 298 548
test_Sumida_00130.jpg,2 367 424 448 532
test_Sumida_00131.jpg,2 236 393 314 549 2 282 418 363 522
test_Sumida_00132.jpg,2 404 444 544 561 2 373 427 478 537
test_Sumida_00133.jpg,2 205 392 281 494
test_Sumida_00134.jpg,2 136 404 218 530
test_Sumida_00135.jpg,8 397 439 597 585
test_Sumida_00136.jpg,7 70 438 520 590
test_Sumida_00137.jpg,2 284 409 364 532 2 21 436 184 556
test_Sumida_00138.jpg,2 243 434 318 534
test_Sumida_00139.jpg,1 177 433 258 526 2 177 433 258 526
test_Sumida_00140.jpg,2 307 424 383 565
test_Sumida_00141.jpg,8 374 434 590 592
test_Sumida_00142.jpg,8 292 385 390 541
test_Sumida_00143.jpg,7 73 453 523 600
test_Sumida_00144.jpg,7 105 427 554 580
test_Sumida_00145.jpg,8 398 441 567 579
test_Sumida_00146.jpg,2 179 409 275 548 2 333 419 419 526 8 388 428 593 567 8 231 389 320 472 8 179 409 275 548
test_Sumida_00147.jpg,2 239 412 315 520
test_Sumida_00148.jpg,2 290 415 367 511
test_Sumida_00149.jpg,1 230 403 306 525 2 230 403 306 525
test_Sumida_00150.jpg,8 407 439 580 575
test_Sumida_00151.jpg,2 361 400 559 577
test_Sumida_00152.jpg,2 374 429 483 535
test_Sumida_00153.jpg,8 338 401 426 553
test_Sumida_00154.jpg,1 374 441 451 518 1 370 406 445 481 1 208 476 297 553 8 245 403 330 478
test_Sumida_00155.jpg,2 167 432 291 524 8 301 417 578 578
test_Sumida_00156.jpg,2 193 446 269 566
test_Sumida_00157.jpg,2 175 413 268 544 8 175 413 268 544
test_Sumida_00158.jpg,1 160 411 241 528
test_Sumida_00159.jpg,2 211 444 295 544
test_Sumida_00160.jpg,2 409 459 541 580
test_Sumida_00161.jpg,1 164 432 242 540 2 164 432 242 540 8 311 420 594 577
test_Sumida_00162.jpg,8 153 422 280 555
test_Sumida_00163.jpg,1 203 434 294 519 8 431 428 596 557
test_Sumida_00164.jpg,7 97 410 546 564
test_Sumida_00165.jpg,8 417 429 581 584
test_Sumida_00166.jpg,2 314 373 390 551
test_Sumida_00167.jpg,8 404 437 584 591
test_Sumida_00168.jpg,2 247 428 323 540
test_Sumida_00169.jpg,2 36 404 229 572 8 364 400 580 577
test_Sumida_00170.jpg,2 320 401 400 522
test_Sumida_00171.jpg,1 287 428 374 528
test_Sumida_00172.jpg,7 89 424 539 575
test_Sumida_00173.jpg,2 145 438 228 557
test_Sumida_00174.jpg,8 430 407 600 563
test_Sumida_00175.jpg,2 285 401 362 485
test_Sumida_00176.jpg,2 283 392 359 525
test_Sumida_00177.jpg,8 418 443 599 579
test_Sumida_00178.jpg,
test_Sumida_00179.jpg,2 373 402 467 551
test_Sumida_00180.jpg,2 58 449 163 563 2 160 433 243 546 8 160 433 243 546
test_Sumida_00181.jpg,7 74 459 524 600
test_Sumida_00182.jpg,1 335 441 423 546 2 233 426 314 558 2 335 441 423 546
test_Sumida_00183.jpg,1 343 438 445 524 1 191 425 274 539 2 191 425 274 539 8 191 425 274 539
test_Sumida_00184.jpg,2 309 383 385 545
test_Sumida_00185.jpg,2 218 410 297 538 8 218 410 297 538
test_Sumida_00186.jpg,8 397 433 592 587
test_Sumida_00187.jpg,2 378 419 473 521
test_Sumida_00188.jpg,2 46 433 184 566 2 138 442 291 541
test_Sumida_00189.jpg,2 312 416 395 522
test_Sumida_00190.jpg,2 319 424 395 532
test_Sumida_00191.jpg,2 313 406 390 552
test_Sumida_00192.jpg,2 237 410 313 541 2 288 417 376 532
test_Sumida_00193.jpg,2 173 390 265 550
test_Sumida_00194.jpg,7 109 387 559 551
test_Sumida_00195.jpg,8 396 425 598 592
test_Sumida_00196.jpg,2 154 434 230 531
test_Sumida_00197.jpg,2 235 395 310 489 2 208 402 285 512
test_Sumida_00198.jpg,2 311 420 512 540
test_Sumida_00199.jpg,2 188 403 270 560 8 370 423 582 585
test_Sumida_00200.jpg,1 288 443 368 526 1 233 457 335 539
test_Sumida_00201.jpg,2 363 428 447 561
test_Sumida_00202.jpg,2 241 399 319 573
test_Sumida_00203.jpg,8 293 453 372 542
test_Sumida_00204.jpg,8 426 412 597 568
test_Sumida_00205.jpg,8 388 412 589 579
test_Sumida_00206.jpg,1 292 427 369 534 2 292 427 369 534
test_Sumida_00207.jpg,1 160 463 308 563 2 160 463 308 563
test_Sumida_00208.jpg,8 477 407 582 574
test_Sumida_00209.jpg,2 416 457 562 568 2 217 444 313 545
test_Sumida_00210.jpg,8 292 461 370 545
test_Sumida_00211.jpg,2 148 422 235 539 8 148 422 235 539
test_Sumida_00212.jpg,2 297 400 373 482 2 331 407 408 515
test_Sumida_00213.jpg,2 369 397 451 530
test_Sumida_00214.jpg,8 39 445 206 592 8 414 445 591 565 8 142 444 244 542
test_Sumida_00215.jpg,8 383 420 593 591
test_Sumida_00216.jpg,7 90 412 540 565
test_Sumida_00217.jpg,2 284 443 439 538 2 166 451 363 537
test_Sumida_00218.jpg,2 235 397 311 537
test_Sumida_00219.jpg,2 227 377 305 552 8 393 387 600 569
test_Sumida_00220.jpg,2 210 390 287 544
test_Sumida_00221.jpg,2 337 419 414 530 8 405 436 580 542
test_Sumida_00222.jpg,
test_Sumida_00223.jpg,2 345 387 431 546
test_Sumida_00224.jpg,2 190 370 278 446 7 98 405 547 560
test_Sumida_00225.jpg,8 400 425 585 581
test_Sumida_00226.jpg,8 203 455 306 587
test_Sumida_00227.jpg,2 368 408 462 539
test_Sumida_00228.jpg,
